"analysis","target","observed_pooled_spearman","shuffled_pooled_spearman","delta_observed_minus_shuffled","observed_donor_median","shuffled_donor_median","observed_directional_flag","shuffled_directional_flag","superiority_gate"
"BC-to-NSCLC (full)","TIGIT",0.0657723318137846,0.0195476907966898,0.0462246410170948,0.132128522042588,0.0079289146078798,"False","False","True"
"BC-to-NSCLC","TIGIT",0.0657723242419474,0.019547685968193,0.0462246382737544,0.132128522042588,0.007928875172969,"False","False","True"
"NSCLC-to-BC","TIGIT",0.090274601267389,-0.0156670177113366,0.105941618978726,-0.0011402791688826,-0.0271524731242664,"False","False","True"
"BC-to-HCC","TIGIT",0.023018537669637,-0.0765654206552589,0.0995839583248959,0.0233784596038713,-0.076693129551546,"False","False","True"
"BC-to-CRLM (sens.)","TIGIT",0.0729111244732503,-0.028726347664944,0.101637472138194,0.0868650089373572,-0.0338984757832456,"False","False","True"
"BC-to-DLBCL (partial)","TIGIT",0.0411707930797811,-0.0580069020759663,0.0991776951557474,0.086081904677048,-0.0280727336052933,"False","False","True"
"BC-to-NSCLC (full)","PD-L1",0.0701348191732287,-0.0056290725385522,0.0757638917117809,0.183837767857346,-0.0646385352575576,"False","False","True"
"NSCLC-to-BC","PD-L1",0.0491459404653542,-0.0327206793146383,0.0818666197799925,0.0091881737128668,0.0262129503624583,"False","False","False"
"BC-to-HCC","PD-L1",0.0168977001862287,-0.0449738225161573,0.061871522702386,0.0155415474538896,-0.0454124986308872,"False","False","True"
"BC-to-BTC (partial)","PD-L1",-0.0213957645896451,-0.0334169607381368,0.0120211961484917,-0.0174146892183326,-0.0171892883995686,"False","False","False"
"BTC-to-BC (partial)","PD-L1",0.0153748247712846,-0.0986983711046123,0.114073195875897,0.0284323885507425,-0.018988379177017,"False","False","True"
"BC-to-CRLM (sens.)","PD-L1",-0.030964114537531,0.0245322262790874,-0.0554963408166184,0.0174968827880597,0.0326723523967529,"False","False","False"
"BC-to-NSCLC (full)","PD-1",-0.0043169382285035,-0.0395205279573283,0.0352035897288248,-0.0101168447763527,-0.0225622581730986,"False","False","True"
"NSCLC-to-BC","PD-1",-0.0691297733920113,-0.109063523585989,0.0399337501939775,-0.0245773668945591,-0.0200873057499623,"False","False","False"
"BC-to-HCC","PD-1",0.0928665151365925,-0.0447265579420847,0.137593073078677,0.0938585446308242,-0.0529140649073615,"False","False","True"
"BC-to-BTC (partial)","PD-1",-0.136305878154219,0.0407335290127784,-0.177039407166997,-0.138846627168288,0.0319013975389858,"False","False","False"
"BTC-to-BC (partial)","PD-1",0.0405567832170931,-0.157651447876733,0.198208231093826,-0.0201615040447396,-0.0704986165808001,"False","False","True"
"BC-to-CRLM (sens.)","PD-1",0.488675479596328,-0.0070957870178579,0.495771266614186,0.406997927759792,0.0237309272937041,"True","False","True"
"BC-to-DLBCL (partial)","PD-1",0.0993544529793728,0.0659896548805489,0.0333647980988239,0.0502246010308073,0.0022680325998911,"False","False","True"
"BC-to-NSCLC (full)","HLA-DR",0.380073285394386,-0.0041802314338611,0.384253516828247,0.292208309533098,-0.0230299232203014,"True","False","True"
"NSCLC-to-BC","HLA-DR",-0.0037478662568574,0.0588277853381302,-0.0625756515949876,0.0779853911238901,0.0211462982559781,"False","False","False"
"BC-to-HCC","HLA-DR",0.164201209419859,-0.12148365597292,0.285684865392779,0.207404251474662,-0.134617635096842,"True","False","True"
"BC-to-CRLM (sens.)","HLA-DR",0.220426286304211,0.0227081981965671,0.197718088107644,0.200615564161973,0.05360337042935,"True","False","True"
"BC-to-NSCLC (full)","CTLA4",0.0492315116829869,-0.0280043818963981,0.077235893579385,0.0059768981444855,-0.0516164063245035,"False","False","True"
"BC-to-NSCLC","CTLA4",0.0492315107366762,-0.0280043880711517,0.0772358988078279,0.0059768981444855,-0.0516164063245035,"False","False","True"
"NSCLC-to-BC","CTLA4",0.103930691202085,0.0136837208761676,0.0902469703259177,-0.0153870447512664,0.0082991591636461,"False","False","False"
"BC-to-HCC","CTLA4",-0.0268082937913208,0.0071859352358194,-0.0339942290271402,-0.025457090470931,0.0034482575694874,"False","False","False"
"BC-to-BTC (partial)","CTLA4",0.0750033037043793,-0.0198853818523973,0.0948886855567766,0.0610580084051372,-0.0107172230275708,"False","False","True"
"BTC-to-BC (partial)","CTLA4",0.116400121079681,0.0074247917723959,0.108975329307285,0.0107171163104447,-0.0134917323714001,"False","False","True"
"BC-to-CRLM (sens.)","CTLA4",-0.0296411454518436,0.0047969773084025,-0.0344381227602461,-0.0424176902607271,0.0051524081238785,"False","False","False"
"BC-to-NSCLC (full)","CD8A",0.0508198893800779,0.005642617653146,0.0451772717269319,0.0552552956284417,-0.0033036114490218,"False","False","True"
"BC-to-NSCLC","CD8A",0.0508198826845315,0.0056426150088335,0.045177267675698,0.0552552956284417,-0.0033036017940397,"False","False","True"
"NSCLC-to-BC","CD8A",-0.0474895190254937,-0.0295744322475806,-0.0179150867779131,0.0438808873204157,-0.0260082725375912,"False","False","False"
"BC-to-HCC","CD8A",0.654783686233139,-0.0355196314580317,0.690303317691171,0.630787336298708,-0.0400745489090583,"True","False","True"
"BC-to-BTC (partial)","CD8A",-0.0778791290217372,0.088320224712687,-0.166199353734424,-0.0517211149304652,0.0319311213266556,"False","False","False"
"BTC-to-BC (partial)","CD8A",0.436371489325049,-0.011785849952285,0.448157339277334,0.459205854568792,0.0292911114671234,"True","False","True"
"BC-to-CRLM (sens.)","CD8A",0.357530870289311,-0.0438449149892396,0.40137578527855,0.289529581687956,-0.0484796227941056,"True","False","True"
"BC-to-DLBCL (partial)","CD8A",0.63553922090582,-0.0374205206145483,0.672959741520369,0.63119973166214,0.0005391835816326,"True","False","True"
"BC-to-NSCLC (full)","CD56",0.0829586481086076,0.0309911650760455,0.0519674830325621,0.0252186961656786,0.0587825584478479,"False","False","False"
"NSCLC-to-BC","CD56",0.163775856643866,0.0014541071469574,0.162321749496909,0.0180783542611964,-0.0278804735000958,"False","False","True"
"BC-to-HCC","CD56",0.0759880205055978,-0.0448955189444854,0.120883539450083,0.0770640741798567,-0.0449308268576805,"False","False","True"
"BC-to-BTC (partial)","CD56",-0.0302717668523627,-0.0123408831052562,-0.0179308837471065,-0.0189747497892407,-0.0006099473691747,"False","False","False"
"BTC-to-BC (partial)","CD56",-0.0472040892309378,-0.0538652959263092,0.0066612066953714,-0.0074200996643359,-0.0002117078272458,"False","False","False"
"BC-to-CRLM (sens.)","CD56",0.0708375630026421,-0.0207818271323561,0.0916193901349982,0.0516967038046158,-0.0529938065029963,"False","False","True"
"BC-to-NSCLC (full)","CD4",0.170990416891687,-0.0117724456588684,0.182762862550556,0.0994150411459353,-0.0363953979653948,"True","False","True"
"BC-to-NSCLC","CD4",0.170990424093776,-0.0117724365441319,0.182762860637908,0.0994151259052607,-0.0363953979653948,"True","False","True"
"NSCLC-to-BC","CD4",0.008290757462687,-0.03399627146084,0.042287028923527,0.0132490417867763,-0.0356863795487293,"False","False","True"
"BC-to-HCC","CD4",0.579947707124779,0.0411861714333293,0.53876153569145,0.582884252941233,0.022813076979016,"True","False","True"
"BC-to-BTC (partial)","CD4",-0.001951713239122,0.0959941491859319,-0.0979458624250539,0.0207851039462597,0.0807768597517666,"False","False","False"
"BTC-to-BC (partial)","CD4",-0.0427432800585755,0.178116818781101,-0.220860098839677,0.102724027955083,0.183973109788666,"False","True","False"
"BC-to-CRLM (sens.)","CD4",-0.0105621573308192,-0.0222421522074037,0.0116799948765845,-0.0034069342487934,-0.0094996018017185,"False","False","True"
"BC-to-DLBCL (partial)","CD4",0.640342648114989,-0.0102758898929787,0.650618538007967,0.628387174497877,-0.0144453685968662,"True","False","True"
"BC-to-NSCLC (full)","CD19",0.0506546375558738,0.0010278258560642,0.0496268116998096,0.0398916398295971,-0.0036472070295787,"False","False","True"
"BC-to-NSCLC","CD19",0.050654627799515,0.0010278356096133,0.0496267921899017,0.0398916398295971,-0.0036472750850142,"False","False","True"
"NSCLC-to-BC","CD19",0.0438831432155237,0.0343340176434986,0.0095491255720251,-0.006207031195831,-0.0014886292759542,"False","False","False"
"BC-to-HCC","CD19",-0.0553252152376262,-0.0138919524066392,-0.041433262830987,-0.055233176310198,-0.011214122874907,"False","False","False"
"BC-to-BTC (partial)","CD19",-0.0084217579156226,0.0449333073670418,-0.0533550652826644,0.0150048053474261,0.0123785217725432,"False","False","False"
"BTC-to-BC (partial)","CD19",-0.222547741909272,0.0804511391651668,-0.302998881074439,0.0453855012120045,0.0475486884528952,"False","False","False"
"BC-to-CRLM (sens.)","CD19",-0.0249570480064827,-0.0475871492565064,0.0226301012500237,-0.0163120133794774,-0.0381886759662118,"False","False","True"
"BC-to-NSCLC (full)","CD14",-0.0537329405708075,0.0036314546436932,-0.0573643952145007,-0.0314317051458744,0.0048548708531859,"False","False","False"
"BC-to-NSCLC","CD14",-0.0537329510731633,0.0036314382304092,-0.0573643893035725,-0.0314317051458744,0.0048548196053628,"False","False","False"
"NSCLC-to-BC","CD14",-0.0692333096752104,0.014793398044079,-0.0840267077192894,0.008795136147841,0.0170255963517953,"False","False","False"
"BC-to-HCC","CD14",-0.0075000992493604,0.0045300262212542,-0.0120301254706146,-0.0061958299710683,0.0028666586223264,"False","False","False"
"BC-to-BTC (partial)","CD14",-0.0170951929904218,0.14767715255391,-0.164772345544331,-0.0503024611230949,0.135269026811189,"False","True","False"
"BTC-to-BC (partial)","CD14",0.102448123128491,-0.0493917044572208,0.151839827585712,0.0152391222335355,-0.0130220110926261,"False","False","True"
"BC-to-CRLM (sens.)","CD14",-0.0306244294685428,0.0063669781662027,-0.0369914076347455,-0.026184579064184,0.0104912854532711,"False","False","False"
"BC-to-NSCLC (full)","CD103",0.0229261675491011,-0.0126332925822732,0.0355594601313743,-0.0141566729300682,-0.0184405435700966,"False","False","True"
"NSCLC-to-BC","CD103",0.0235043416038928,0.0045764921670136,0.0189278494368792,0.0390628210079168,-0.0016753511797841,"False","False","True"
"BC-to-HCC","CD103",0.0121134420376943,-0.019820439823167,0.0319338818608613,0.0091919178245825,-0.018897079628414,"False","False","True"
"BC-to-BTC (partial)","CD103",0.158645816467987,0.0193380500313459,0.139307766436641,0.107564776652692,-0.0159742297845124,"True","False","True"
"BTC-to-BC (partial)","CD103",0.0291826313626319,-0.07510695337715,0.104289584739782,-0.0433243568713938,-0.0337679592758737,"False","False","False"
"BC-to-CRLM (sens.)","CD103",0.574138293204118,-0.0137727611905753,0.587911054394694,0.436547092455375,-0.0415032817277589,"True","False","True"
"BC-to-DLBCL (partial)","CD103",-0.0958970576127548,-0.0142649117923925,-0.0816321458203623,-0.14153586625501,0.0135606149321424,"False","False","False"
"BC-to-DLBCL (partial)","CTLA4",NA,NA,NA,NA,NA,NA,NA,NA
"BC-to-DLBCL (partial)","CD14",NA,NA,NA,NA,NA,NA,NA,NA
"BC-to-DLBCL (partial)","PD-L1",NA,NA,NA,NA,NA,NA,NA,NA
"BTC-to-BC (partial)","HLA-DR",NA,NA,NA,NA,NA,NA,NA,NA
"BC-to-BTC (partial)","TIGIT",NA,NA,NA,NA,NA,NA,NA,NA
"BTC-to-BC (partial)","TIGIT",NA,NA,NA,NA,NA,NA,NA,NA
"BC-to-DLBCL (partial)","CD19",NA,NA,NA,NA,NA,NA,NA,NA
"BC-to-BTC (partial)","HLA-DR",NA,NA,NA,NA,NA,NA,NA,NA
"BC-to-NSCLC","HLA-DR",NA,NA,NA,NA,NA,NA,NA,NA
"BC-to-NSCLC","PD-L1",NA,NA,NA,NA,NA,NA,NA,NA
"BC-to-NSCLC","CD56",NA,NA,NA,NA,NA,NA,NA,NA
"BC-to-DLBCL (partial)","CD56",NA,NA,NA,NA,NA,NA,NA,NA
"BC-to-NSCLC","PD-1",NA,NA,NA,NA,NA,NA,NA,NA
"BC-to-DLBCL (partial)","HLA-DR",NA,NA,NA,NA,NA,NA,NA,NA
"BC-to-NSCLC","CD103",NA,NA,NA,NA,NA,NA,NA,NA
