target,rna_gene,mapping_class,core_panel_role,forward_n_donors,forward_observed_median,forward_shuffled_median,forward_delta_median,forward_bootstrap_lo,forward_bootstrap_hi,forward_sign_flip_p,forward_bh_q,forward_classification,reverse_n_donors,reverse_observed_median,reverse_shuffled_median,reverse_delta_median,reverse_bootstrap_lo,reverse_bootstrap_hi,reverse_sign_flip_p,reverse_bh_q,reverse_classification,integrated_classification,primary_inference_eligible
CD21,CR2,direct,primary,10,0.0634802300492849,0.0634802300492849,0.0,0.0,0.0,1.0,1.0,weak_or_non_transportable,30,0.187175307145911,0.187175307145911,0.0,0.0,0.0,1.0,1.0,weak_or_non_transportable,weak_or_non_transportable,True
CD57 Recombinant,B3GAT1,glycan_epitope_proxy,prespecified_sensitivity,10,0.0840688622838758,-0.0840688622838758,0.1681377245677516,0.1471815087072504,0.2161004377574502,0.0127974405118976,0.0453798129263036,context_dependent,30,0.11203221242517,-0.11203221242517,0.2240644248503401,0.1810045493804614,0.2504472376530746,0.0001999600079984,0.0004299140171965,stable_candidate,direction_dependent,False
CD16,FCGR3A;FCGR3B,ambiguous_paralogs,prespecified_sensitivity,10,0.3850216294576381,-0.3850216294576381,0.7700432589152763,0.6183334926426554,0.966707732802192,0.0137972405518896,0.0453798129263036,stable_candidate,30,0.4869578399002261,0.4869578399002261,0.0,0.0,0.0,1.0,1.0,weak_or_non_transportable,direction_dependent,False
HLA-DR,HLA-DRA;HLA-DRB1,heterodimer_proxy,prespecified_sensitivity,10,0.7829895983026838,-0.7829895983026838,1.5659791966053676,1.4144326844139354,1.6440768921740276,0.0151969606078784,0.0453798129263036,stable_candidate,30,0.6561747491185248,-0.6561747491185248,1.3123494982370496,1.2262285999267062,1.4008492907569188,0.0001999600079984,0.0004299140171965,stable_candidate,bidirectionally_stable,False
CD185 (CXCR5),CXCR5,direct,primary,10,0.7631032097170796,0.7631032097170796,0.0,0.0,0.0,1.0,1.0,weak_or_non_transportable,30,0.198493670686201,-0.198493670686201,0.396987341372402,0.3675577153825505,0.4873326069887493,0.0001999600079984,0.0004299140171965,stable_candidate,direction_dependent,True
CD279,PDCD1,direct,primary,10,0.0814238704424479,0.0814238704424479,0.0,0.0,0.0,1.0,1.0,weak_or_non_transportable,30,0.1545091310958038,-0.1545091310958038,0.3090182621916076,0.2461084251485644,0.3609342377125693,0.0003999200159968,0.0007476765516461,stable_candidate,direction_dependent,True
CD194 (CCR4),CCR4,direct,primary,10,0.7765799153475629,-0.7765799153475629,1.5531598306951258,1.2555060068966972,1.6335766279366646,0.0155968806238752,0.0453798129263036,stable_candidate,30,0.1668345308120616,-0.1668345308120616,0.3336690616241233,0.3124043392848388,0.3959252304633068,0.0001999600079984,0.0004299140171965,stable_candidate,bidirectionally_stable,True
CD319 (CRACC),SLAMF7,direct,primary,10,0.7148110493574306,0.7148110493574306,0.0,0.0,0.0,1.0,1.0,weak_or_non_transportable,30,0.1937838010317371,-0.1937838010317371,0.3875676020634742,0.3087550255844875,0.4221371418773645,0.0001999600079984,0.0004299140171965,stable_candidate,direction_dependent,True
CD155 (PVR),PVR,direct,primary,10,0.0042318323055861,-0.0042318323055861,0.0084636646111723,-0.0078649171501738,0.0383589022822598,0.0939812037592481,0.2126943032446142,weak_or_non_transportable,30,0.122857483948985,-0.122857483948985,0.2457149678979701,0.2056464758861051,0.2635500757479305,0.0001999600079984,0.0004299140171965,stable_candidate,direction_dependent,True
CD79b (Igβ),CD79B,direct,primary,10,0.8028452930037828,-0.8028452930037828,1.6056905860075656,1.4750677483400525,1.6624247398566585,0.0141971605678864,0.0453798129263036,stable_candidate,30,0.298788273961721,-0.298788273961721,0.5975765479234421,0.5467904728564164,0.65351742490449,0.0001999600079984,0.0004299140171965,stable_candidate,bidirectionally_stable,True
CD107a (LAMP-1),LAMP1,direct,primary,10,-0.028499635540278,0.028499635540278,-0.056999271080556,-0.0858396295023871,-0.0258196846850258,1.0,1.0,weak_or_non_transportable,30,-0.0167755639333114,-0.0167755639333114,0.0,0.0,0.0,1.0,1.0,weak_or_non_transportable,weak_or_non_transportable,True
CD137 (4-1BB),TNFRSF9,direct,primary,10,0.0153636433786694,0.0153636433786694,0.0,0.0,0.0,1.0,1.0,weak_or_non_transportable,30,0.033423112869497,-0.033423112869497,0.066846225738994,0.0595701866041482,0.083107447998485,0.0003999200159968,0.0007476765516461,weak_or_non_transportable,weak_or_non_transportable,True
CD223 (LAG-3),LAG3,direct,primary,10,0.697332361594142,-0.697332361594142,1.394664723188284,1.2530779750420118,1.502887876058265,0.0173965206958608,0.0453798129263036,stable_candidate,30,0.0791247958770878,-0.0791247958770878,0.1582495917541756,0.1227079237336203,0.1861346816012415,0.0001999600079984,0.0004299140171965,context_dependent,direction_dependent,True
CD314 (NKG2D),KLRK1,direct,primary,10,0.2557444510993432,0.2557444510993432,0.0,0.0,0.0,1.0,1.0,weak_or_non_transportable,30,0.3986847903661799,0.3986847903661799,0.0,0.0,0.0,1.0,1.0,weak_or_non_transportable,weak_or_non_transportable,True
CD3,CD3E;CD3D;CD3G,receptor_complex_proxy,prespecified_sensitivity,10,0.6290032634130736,0.6290032634130736,0.0,0.0,0.0,1.0,1.0,weak_or_non_transportable,30,0.5948115261908157,0.5948115261908157,0.0,0.0,0.0,1.0,1.0,weak_or_non_transportable,weak_or_non_transportable,False
CD45RO,PTPRC,splice_isoform_proxy,prespecified_sensitivity,10,0.035528105730088,0.035528105730088,0.0,0.0,0.0,1.0,1.0,weak_or_non_transportable,30,0.0269820868948286,0.0269820868948286,0.0,0.0,0.0,1.0,1.0,weak_or_non_transportable,weak_or_non_transportable,False
CD19,CD19,direct,primary,10,0.7046081538922129,0.7046081538922129,0.0,0.0,0.0,1.0,1.0,weak_or_non_transportable,30,0.3710406968670393,0.3710406968670393,0.0,0.0,0.0,1.0,1.0,weak_or_non_transportable,weak_or_non_transportable,True
CD123,IL3RA,direct,primary,10,0.1969381520439477,0.1969381520439477,0.0,0.0,0.0,1.0,1.0,weak_or_non_transportable,30,0.0830537349226907,-0.0830537349226907,0.1661074698453815,0.1215881523640559,0.1770287624819466,0.0001999600079984,0.0004299140171965,context_dependent,context_dependent,True
CD11b,ITGAM,direct,primary,10,0.3229016695164041,0.3229016695164041,0.0,0.0,0.0,1.0,1.0,weak_or_non_transportable,30,0.2911747753138308,-0.2911747753138308,0.5823495506276617,0.5039632115358628,0.6297406828183371,0.0001999600079984,0.0004299140171965,stable_candidate,direction_dependent,True
CD103 (Integrin αE),ITGAE,direct,primary,10,-0.035211718668363,-0.035211718668363,0.0,0.0,0.0,1.0,1.0,weak_or_non_transportable,30,0.0282139170969126,-0.0282139170969126,0.0564278341938252,0.0398279544569709,0.0639627074894555,0.0001999600079984,0.0004299140171965,weak_or_non_transportable,weak_or_non_transportable,True
CD303 (BDCA-2),CLEC4C,direct,primary,10,0.0481848506047929,0.0481848506047929,0.0,0.0,0.0,1.0,1.0,weak_or_non_transportable,30,0.053026011843169,-0.053026011843169,0.106052023686338,0.0817288911493893,0.1295213611621713,0.0001999600079984,0.0004299140171965,context_dependent,context_dependent,True
CD1c,CD1C,direct,primary,10,0.1034619105191702,0.1034619105191702,0.0,0.0,0.0,1.0,1.0,weak_or_non_transportable,30,0.2348037164473794,0.2348037164473794,0.0,0.0,0.0,1.0,1.0,weak_or_non_transportable,weak_or_non_transportable,True
CD196 (CCR6),CCR6,direct,primary,10,0.736588672944053,-0.736588672944053,1.473177345888106,1.4311349043261825,1.5704650253847798,0.0161967606478704,0.0453798129263036,stable_candidate,30,0.0266091626620976,-0.0266091626620976,0.0532183253241953,-0.0478815366929144,0.0992336575891713,0.0945810837832433,0.1694577751116443,weak_or_non_transportable,direction_dependent,True
CD27,CD27,direct,primary,10,0.8604547603448238,0.8604547603448238,0.0,0.0,0.0,1.0,1.0,weak_or_non_transportable,30,0.5083638609742613,-0.5083638609742613,1.016727721948523,0.8615298848853519,1.0732504923094432,0.0001999600079984,0.0004299140171965,stable_candidate,direction_dependent,True
CD183 (CXCR3),CXCR3,direct,primary,10,0.7048200318106637,0.7048200318106637,0.0,0.0,0.0,1.0,1.0,weak_or_non_transportable,30,0.0953135441392559,-0.0953135441392559,0.1906270882785118,0.1519296843025688,0.2399666645822299,0.0001999600079984,0.0004299140171965,context_dependent,context_dependent,True
CD154,CD40LG,direct,primary,10,-0.0377985713460942,-0.0377985713460942,0.0,0.0,0.0,1.0,1.0,weak_or_non_transportable,30,-0.0201129645153117,0.0201129645153117,-0.0402259290306235,-0.0509725247988167,-0.0294838999636428,0.9982003599280144,1.0,weak_or_non_transportable,weak_or_non_transportable,True
CD141 (Thrombomodulin),THBD,direct,primary,10,0.2889832674300656,-0.2889832674300656,0.5779665348601313,0.3868995690157272,0.7476993147281324,0.0163967206558688,0.0453798129263036,stable_candidate,30,0.1122427625733939,0.1122427625733939,0.0,0.0,0.0,1.0,1.0,weak_or_non_transportable,direction_dependent,True
CD161,KLRB1,direct,primary,10,0.3322181114273607,-0.3322181114273607,0.6644362228547215,0.4519246320259992,0.8246899627310026,0.018996200759848,0.0453798129263036,stable_candidate,30,0.5578953769352033,-0.5578953769352033,1.1157907538704066,1.075804466779914,1.1929915033551153,0.0001999600079984,0.0004299140171965,stable_candidate,bidirectionally_stable,True
CD69,CD69,direct,primary,10,-0.8277281641245888,0.8277281641245888,-1.6554563282491777,-1.8056204912148843,-1.4896030063811123,1.0,1.0,weak_or_non_transportable,30,-0.1724857398542895,-0.1724857398542895,0.0,0.0,0.0,1.0,1.0,weak_or_non_transportable,weak_or_non_transportable,True
CD127 (IL-7Rα),IL7R,direct,primary,10,0.4607775073723592,0.4607775073723592,0.0,0.0,0.0,1.0,1.0,weak_or_non_transportable,30,0.6866799463321986,-0.6866799463321986,1.3733598926643973,1.2912384543259985,1.421891080953534,0.0001999600079984,0.0004299140171965,stable_candidate,direction_dependent,True
CD274 (B7-H1; PD-L1),CD274,direct,primary,10,0.6949100708359714,-0.6949100708359714,1.389820141671943,1.2914211763918249,1.5369124562061969,0.0121975604879024,0.0453798129263036,stable_candidate,30,0.0088213996349516,0.0088213996349516,0.0,0.0,0.0,1.0,1.0,weak_or_non_transportable,direction_dependent,True
CD33,CD33,direct,primary,10,0.9006087526052773,-0.9006087526052773,1.8012175052105546,1.589692218571695,1.8339534526819667,0.0145970805838832,0.0453798129263036,stable_candidate,30,0.2614559592127651,-0.2614559592127651,0.5229119184255303,0.4041877125470186,0.6769656094444165,0.0001999600079984,0.0004299140171965,stable_candidate,bidirectionally_stable,True
CD11c,ITGAX,direct,primary,10,0.704587734233032,-0.704587734233032,1.409175468466064,1.2848931816531868,1.493857323507665,0.0163967206558688,0.0453798129263036,stable_candidate,30,0.4648751522734372,0.4648751522734372,0.0,0.0,0.0,1.0,1.0,weak_or_non_transportable,direction_dependent,True
CD45RA,PTPRC,splice_isoform_proxy,prespecified_sensitivity,10,0.1124371405042274,0.1124371405042274,0.0,0.0,0.0,1.0,1.0,weak_or_non_transportable,30,0.0949549138462824,0.0949549138462824,0.0,0.0,0.0,1.0,1.0,weak_or_non_transportable,weak_or_non_transportable,False
CD244 (2B4),CD244,direct,primary,10,0.8096407540379992,0.8096407540379992,0.0,0.0,0.0,1.0,1.0,weak_or_non_transportable,30,0.3063319695140863,-0.3063319695140863,0.6126639390281727,0.5714290778109874,0.670273645913064,0.0003999200159968,0.0007476765516461,stable_candidate,direction_dependent,True
CD226 (DNAM-1),CD226,direct,primary,10,0.8328839044972342,0.8328839044972342,0.0,0.0,0.0,1.0,1.0,weak_or_non_transportable,30,0.1602733819712014,0.1602733819712014,0.0,0.0,0.0,1.0,1.0,weak_or_non_transportable,weak_or_non_transportable,True
CD28,CD28,direct,primary,10,0.8639513744325902,-0.8639513744325902,1.7279027488651804,1.5131570634219114,1.7788746918764644,0.011997600479904,0.0453798129263036,stable_candidate,30,0.366646776233958,0.366646776233958,0.0,0.0,0.0,1.0,1.0,weak_or_non_transportable,direction_dependent,True
CD45,PTPRC,direct,primary,10,0.2572330110409788,-0.2572330110409788,0.5144660220819576,0.3299676001947358,0.6101124055061122,0.0165966806638672,0.0453798129263036,stable_candidate,30,0.0761292983359206,-0.0761292983359206,0.1522585966718412,0.1100124104549886,0.2030170440503692,0.0001999600079984,0.0004299140171965,context_dependent,direction_dependent,True
CD38,CD38,direct,primary,10,0.9195437741011808,0.9195437741011808,0.0,0.0,0.0,1.0,1.0,weak_or_non_transportable,30,0.2851806511031349,-0.2851806511031349,0.5703613022062699,0.5246802469064846,0.6461112783590566,0.0001999600079984,0.0004299140171965,stable_candidate,direction_dependent,True
CD4,CD4,direct,primary,10,0.9214120354578984,-0.9214120354578984,1.8428240709157968,1.6678628290531583,1.871766832191384,0.0145970805838832,0.0453798129263036,stable_candidate,30,0.3530510322599205,0.3530510322599205,0.0,0.0,0.0,1.0,1.0,weak_or_non_transportable,direction_dependent,True
CD20,MS4A1,direct,primary,10,0.2957564586066944,-0.2957564586066944,0.5915129172133888,0.055699534433575,0.919392833799492,0.0181963607278544,0.0453798129263036,stable_candidate,30,0.4533812218443948,-0.4533812218443948,0.9067624436887896,0.8448486169375257,0.9571239634297444,0.0001999600079984,0.0004299140171965,stable_candidate,bidirectionally_stable,True
TIGIT (VSTM3),TIGIT,direct,primary,10,0.7059818065575874,-0.7059818065575874,1.4119636131151747,1.1805088805855075,1.4599419477231503,0.0167966406718656,0.0453798129263036,stable_candidate,30,0.2989421723380934,0.2989421723380934,0.0,0.0,0.0,1.0,1.0,weak_or_non_transportable,direction_dependent,True
CD25,IL2RA,direct,primary,10,0.110172314203448,-0.110172314203448,0.2203446284068961,0.1791527596885654,0.2708765973566465,0.016996600679864,0.0453798129263036,stable_candidate,30,0.1857798029718655,0.1857798029718655,0.0,0.0,0.0,1.0,1.0,weak_or_non_transportable,direction_dependent,True
