source_cohort,held_out_donor,training_donors,n_training_cells,n_test_cells,target,model,scaler,seed,top_variable_genes,locked_genes,selected_features_ref,scaler_scale_ref,fold_seed,prediction_file,spearman,pearson,rmse,calibration_slope
GSE199219,CID3838,CID4040;CID4497;CID4513;CID4660;CID4664,5512,1635,CD8A,"Ridge(alpha=10, solver=lsqr, fit_intercept=True)",StandardScaler(with_mean=False),20260819,1000,26,GSE199219::CID3838,GSE199219::CID3838,20260819,B2_oof_predictions_GSE199219.npy,0.518269141909456,0.6829465771992531,1.6280791538564527,2.2731735637612034
GSE199219,CID3838,CID4040;CID4497;CID4513;CID4660;CID4664,5512,1635,CD4,"Ridge(alpha=10, solver=lsqr, fit_intercept=True)",StandardScaler(with_mean=False),20260819,1000,26,GSE199219::CID3838,GSE199219::CID3838,20260819,B2_oof_predictions_GSE199219.npy,0.5340221638246092,0.5660243109836601,1.3760535102741904,1.2446428885714378
GSE199219,CID3838,CID4040;CID4497;CID4513;CID4660;CID4664,5512,1635,CD14,"Ridge(alpha=10, solver=lsqr, fit_intercept=True)",StandardScaler(with_mean=False),20260819,1000,26,GSE199219::CID3838,GSE199219::CID3838,20260819,B2_oof_predictions_GSE199219.npy,0.0010033729113818957,0.01884290194401319,2.11785961454777,0.03756166421783966
GSE199219,CID3838,CID4040;CID4497;CID4513;CID4660;CID4664,5512,1635,CD19,"Ridge(alpha=10, solver=lsqr, fit_intercept=True)",StandardScaler(with_mean=False),20260819,1000,26,GSE199219::CID3838,GSE199219::CID3838,20260819,B2_oof_predictions_GSE199219.npy,0.018313503385550163,0.017534396311264088,1.9284432717284323,0.030963516218574794
GSE199219,CID3838,CID4040;CID4497;CID4513;CID4660;CID4664,5512,1635,CD56,"Ridge(alpha=10, solver=lsqr, fit_intercept=True)",StandardScaler(with_mean=False),20260819,1000,26,GSE199219::CID3838,GSE199219::CID3838,20260819,B2_oof_predictions_GSE199219.npy,0.006029344558111086,0.013228736423619882,1.806966865044509,0.0179244812959678
GSE199219,CID3838,CID4040;CID4497;CID4513;CID4660;CID4664,5512,1635,HLA-DR,"Ridge(alpha=10, solver=lsqr, fit_intercept=True)",StandardScaler(with_mean=False),20260819,1000,26,GSE199219::CID3838,GSE199219::CID3838,20260819,B2_oof_predictions_GSE199219.npy,0.20902151665723098,0.22356352754757133,1.3061497796767887,0.6090315392613624
GSE199219,CID3838,CID4040;CID4497;CID4513;CID4660;CID4664,5512,1635,PD-1,"Ridge(alpha=10, solver=lsqr, fit_intercept=True)",StandardScaler(with_mean=False),20260819,1000,26,GSE199219::CID3838,GSE199219::CID3838,20260819,B2_oof_predictions_GSE199219.npy,0.17164131231059668,0.2107662168892592,0.6519573505907739,0.30764542580584703
GSE199219,CID3838,CID4040;CID4497;CID4513;CID4660;CID4664,5512,1635,PD-L1,"Ridge(alpha=10, solver=lsqr, fit_intercept=True)",StandardScaler(with_mean=False),20260819,1000,26,GSE199219::CID3838,GSE199219::CID3838,20260819,B2_oof_predictions_GSE199219.npy,0.00969316184992776,-0.005264782472883842,1.0086686732135721,-0.009586013173514787
GSE199219,CID3838,CID4040;CID4497;CID4513;CID4660;CID4664,5512,1635,CTLA4,"Ridge(alpha=10, solver=lsqr, fit_intercept=True)",StandardScaler(with_mean=False),20260819,1000,26,GSE199219::CID3838,GSE199219::CID3838,20260819,B2_oof_predictions_GSE199219.npy,0.0125872569377682,0.020454957150618475,1.895592701311917,0.03821953724662607
GSE199219,CID3838,CID4040;CID4497;CID4513;CID4660;CID4664,5512,1635,TIGIT,"Ridge(alpha=10, solver=lsqr, fit_intercept=True)",StandardScaler(with_mean=False),20260819,1000,26,GSE199219::CID3838,GSE199219::CID3838,20260819,B2_oof_predictions_GSE199219.npy,0.08693907845079966,0.09506646093557997,1.4979038464816,0.21743911727041576
GSE199219,CID3838,CID4040;CID4497;CID4513;CID4660;CID4664,5512,1635,CD103,"Ridge(alpha=10, solver=lsqr, fit_intercept=True)",StandardScaler(with_mean=False),20260819,1000,26,GSE199219::CID3838,GSE199219::CID3838,20260819,B2_oof_predictions_GSE199219.npy,0.2891959977557363,0.505149187779395,2.2594432083092904,2.133010577857597
GSE199219,CID4040,CID3838;CID4497;CID4513;CID4660;CID4664,5190,1957,CD8A,"Ridge(alpha=10, solver=lsqr, fit_intercept=True)",StandardScaler(with_mean=False),20260819,1000,26,GSE199219::CID4040,GSE199219::CID4040,20260820,B2_oof_predictions_GSE199219.npy,0.4644552637209892,0.48243450817854466,0.876056386788565,0.2279885363451203
GSE199219,CID4040,CID3838;CID4497;CID4513;CID4660;CID4664,5190,1957,CD4,"Ridge(alpha=10, solver=lsqr, fit_intercept=True)",StandardScaler(with_mean=False),20260819,1000,26,GSE199219::CID4040,GSE199219::CID4040,20260820,B2_oof_predictions_GSE199219.npy,0.3313348921224849,0.32927689664869336,1.3496515162297098,0.16518678413738963
GSE199219,CID4040,CID3838;CID4497;CID4513;CID4660;CID4664,5190,1957,CD14,"Ridge(alpha=10, solver=lsqr, fit_intercept=True)",StandardScaler(with_mean=False),20260819,1000,26,GSE199219::CID4040,GSE199219::CID4040,20260820,B2_oof_predictions_GSE199219.npy,-0.017238944684423985,-0.025209165503649485,2.8205189907961863,-0.04499807672347549
GSE199219,CID4040,CID3838;CID4497;CID4513;CID4660;CID4664,5190,1957,CD19,"Ridge(alpha=10, solver=lsqr, fit_intercept=True)",StandardScaler(with_mean=False),20260819,1000,26,GSE199219::CID4040,GSE199219::CID4040,20260820,B2_oof_predictions_GSE199219.npy,0.07144881237443375,0.06945964207161144,2.75565536465286,0.13116659845388204
GSE199219,CID4040,CID3838;CID4497;CID4513;CID4660;CID4664,5190,1957,CD56,"Ridge(alpha=10, solver=lsqr, fit_intercept=True)",StandardScaler(with_mean=False),20260819,1000,26,GSE199219::CID4040,GSE199219::CID4040,20260820,B2_oof_predictions_GSE199219.npy,0.010854978411880333,0.011654606291372218,1.6045991122218395,0.024062433026523465
GSE199219,CID4040,CID3838;CID4497;CID4513;CID4660;CID4664,5190,1957,HLA-DR,"Ridge(alpha=10, solver=lsqr, fit_intercept=True)",StandardScaler(with_mean=False),20260819,1000,26,GSE199219::CID4040,GSE199219::CID4040,20260820,B2_oof_predictions_GSE199219.npy,0.05804928334333335,0.060931127407937366,0.9746444558700516,0.06529984814235508
GSE199219,CID4040,CID3838;CID4497;CID4513;CID4660;CID4664,5190,1957,PD-1,"Ridge(alpha=10, solver=lsqr, fit_intercept=True)",StandardScaler(with_mean=False),20260819,1000,26,GSE199219::CID4040,GSE199219::CID4040,20260820,B2_oof_predictions_GSE199219.npy,0.03965431362488589,0.05209766370888765,0.737698187645323,0.042464505198025845
GSE199219,CID4040,CID3838;CID4497;CID4513;CID4660;CID4664,5190,1957,PD-L1,"Ridge(alpha=10, solver=lsqr, fit_intercept=True)",StandardScaler(with_mean=False),20260819,1000,26,GSE199219::CID4040,GSE199219::CID4040,20260820,B2_oof_predictions_GSE199219.npy,-0.017527713823112266,-0.02699324893974065,0.838637663494435,-0.04115652218111773
GSE199219,CID4040,CID3838;CID4497;CID4513;CID4660;CID4664,5190,1957,CTLA4,"Ridge(alpha=10, solver=lsqr, fit_intercept=True)",StandardScaler(with_mean=False),20260819,1000,26,GSE199219::CID4040,GSE199219::CID4040,20260820,B2_oof_predictions_GSE199219.npy,0.05953012807323614,0.06407120649048566,2.037299981663566,0.09396017648271317
GSE199219,CID4040,CID3838;CID4497;CID4513;CID4660;CID4664,5190,1957,TIGIT,"Ridge(alpha=10, solver=lsqr, fit_intercept=True)",StandardScaler(with_mean=False),20260819,1000,26,GSE199219::CID4040,GSE199219::CID4040,20260820,B2_oof_predictions_GSE199219.npy,0.015453661184683219,0.027176781022502292,1.2807765469125778,0.05064037589034726
GSE199219,CID4040,CID3838;CID4497;CID4513;CID4660;CID4664,5190,1957,CD103,"Ridge(alpha=10, solver=lsqr, fit_intercept=True)",StandardScaler(with_mean=False),20260819,1000,26,GSE199219::CID4040,GSE199219::CID4040,20260820,B2_oof_predictions_GSE199219.npy,0.2536962523108071,0.4148235125543496,0.8535142495755547,0.22362902211310287
GSE199219,CID4497,CID3838;CID4040;CID4513;CID4660;CID4664,6795,352,CD8A,"Ridge(alpha=10, solver=lsqr, fit_intercept=True)",StandardScaler(with_mean=False),20260819,1000,26,GSE199219::CID4497,GSE199219::CID4497,20260821,B2_oof_predictions_GSE199219.npy,0.6426613597293482,0.598779770666862,0.8205952840568799,0.44520009800007193
GSE199219,CID4497,CID3838;CID4040;CID4513;CID4660;CID4664,6795,352,CD4,"Ridge(alpha=10, solver=lsqr, fit_intercept=True)",StandardScaler(with_mean=False),20260819,1000,26,GSE199219::CID4497,GSE199219::CID4497,20260821,B2_oof_predictions_GSE199219.npy,0.4921366154006171,0.49548337922226604,0.972991998270813,0.5108653026222226
GSE199219,CID4497,CID3838;CID4040;CID4513;CID4660;CID4664,6795,352,CD14,"Ridge(alpha=10, solver=lsqr, fit_intercept=True)",StandardScaler(with_mean=False),20260819,1000,26,GSE199219::CID4497,GSE199219::CID4497,20260821,B2_oof_predictions_GSE199219.npy,0.055469724431093825,0.04768485351123477,1.4184059031831602,0.028444630562454498
GSE199219,CID4497,CID3838;CID4040;CID4513;CID4660;CID4664,6795,352,CD19,"Ridge(alpha=10, solver=lsqr, fit_intercept=True)",StandardScaler(with_mean=False),20260819,1000,26,GSE199219::CID4497,GSE199219::CID4497,20260821,B2_oof_predictions_GSE199219.npy,0.004632702366378876,0.009140599422610845,1.0457535580072608,0.006357868893482859
GSE199219,CID4497,CID3838;CID4040;CID4513;CID4660;CID4664,6795,352,CD56,"Ridge(alpha=10, solver=lsqr, fit_intercept=True)",StandardScaler(with_mean=False),20260819,1000,26,GSE199219::CID4497,GSE199219::CID4497,20260821,B2_oof_predictions_GSE199219.npy,0.03367218638746865,0.034760248692057565,0.796366294757736,0.03133114101018693
GSE199219,CID4497,CID3838;CID4040;CID4513;CID4660;CID4664,6795,352,HLA-DR,"Ridge(alpha=10, solver=lsqr, fit_intercept=True)",StandardScaler(with_mean=False),20260819,1000,26,GSE199219::CID4497,GSE199219::CID4497,20260821,B2_oof_predictions_GSE199219.npy,0.14887406424233618,0.22018437884828104,1.4899991383725775,0.2766847916100247
GSE199219,CID4497,CID3838;CID4040;CID4513;CID4660;CID4664,6795,352,PD-1,"Ridge(alpha=10, solver=lsqr, fit_intercept=True)",StandardScaler(with_mean=False),20260819,1000,26,GSE199219::CID4497,GSE199219::CID4497,20260821,B2_oof_predictions_GSE199219.npy,0.12655167155261454,0.17736018647962684,1.25325897717936,0.22100365667502786
GSE199219,CID4497,CID3838;CID4040;CID4513;CID4660;CID4664,6795,352,PD-L1,"Ridge(alpha=10, solver=lsqr, fit_intercept=True)",StandardScaler(with_mean=False),20260819,1000,26,GSE199219::CID4497,GSE199219::CID4497,20260821,B2_oof_predictions_GSE199219.npy,-0.0103745011677023,-0.035226232878436056,2.1803483238796337,-0.05064850344477893
GSE199219,CID4497,CID3838;CID4040;CID4513;CID4660;CID4664,6795,352,CTLA4,"Ridge(alpha=10, solver=lsqr, fit_intercept=True)",StandardScaler(with_mean=False),20260819,1000,26,GSE199219::CID4497,GSE199219::CID4497,20260821,B2_oof_predictions_GSE199219.npy,0.00626126749223465,0.015425058316722987,0.9884903074783409,0.009683868261140042
GSE199219,CID4497,CID3838;CID4040;CID4513;CID4660;CID4664,6795,352,TIGIT,"Ridge(alpha=10, solver=lsqr, fit_intercept=True)",StandardScaler(with_mean=False),20260819,1000,26,GSE199219::CID4497,GSE199219::CID4497,20260821,B2_oof_predictions_GSE199219.npy,0.007274202033408831,0.01348691687064037,0.7932622230175144,0.012029299351945076
GSE199219,CID4497,CID3838;CID4040;CID4513;CID4660;CID4664,6795,352,CD103,"Ridge(alpha=10, solver=lsqr, fit_intercept=True)",StandardScaler(with_mean=False),20260819,1000,26,GSE199219::CID4497,GSE199219::CID4497,20260821,B2_oof_predictions_GSE199219.npy,0.4933033208528958,0.5259354824699258,1.8727791855538147,0.6668423899402538
GSE199219,CID4513,CID3838;CID4040;CID4497;CID4660;CID4664,6486,661,CD8A,"Ridge(alpha=10, solver=lsqr, fit_intercept=True)",StandardScaler(with_mean=False),20260819,1000,26,GSE199219::CID4513,GSE199219::CID4513,20260822,B2_oof_predictions_GSE199219.npy,0.5967645677893793,0.7181168230093138,1.126097196623466,1.1878223919381934
GSE199219,CID4513,CID3838;CID4040;CID4497;CID4660;CID4664,6486,661,CD4,"Ridge(alpha=10, solver=lsqr, fit_intercept=True)",StandardScaler(with_mean=False),20260819,1000,26,GSE199219::CID4513,GSE199219::CID4513,20260822,B2_oof_predictions_GSE199219.npy,0.6940627920866415,0.7322483060519015,1.8206915832121944,2.148163377772553
GSE199219,CID4513,CID3838;CID4040;CID4497;CID4660;CID4664,6486,661,CD14,"Ridge(alpha=10, solver=lsqr, fit_intercept=True)",StandardScaler(with_mean=False),20260819,1000,26,GSE199219::CID4513,GSE199219::CID4513,20260822,B2_oof_predictions_GSE199219.npy,-0.06780622436997348,-0.05380166032829127,1.2637639735841182,-0.0970032769229707
GSE199219,CID4513,CID3838;CID4040;CID4497;CID4660;CID4664,6486,661,CD19,"Ridge(alpha=10, solver=lsqr, fit_intercept=True)",StandardScaler(with_mean=False),20260819,1000,26,GSE199219::CID4513,GSE199219::CID4513,20260822,B2_oof_predictions_GSE199219.npy,0.006968312242526534,0.024656907673292372,1.4066941925690701,0.007969848305467458
GSE199219,CID4513,CID3838;CID4040;CID4497;CID4660;CID4664,6486,661,CD56,"Ridge(alpha=10, solver=lsqr, fit_intercept=True)",StandardScaler(with_mean=False),20260819,1000,26,GSE199219::CID4513,GSE199219::CID4513,20260822,B2_oof_predictions_GSE199219.npy,0.02929585317815946,0.06722279800602626,1.71551007384009,0.21790299453927234
GSE199219,CID4513,CID3838;CID4040;CID4497;CID4660;CID4664,6486,661,HLA-DR,"Ridge(alpha=10, solver=lsqr, fit_intercept=True)",StandardScaler(with_mean=False),20260819,1000,26,GSE199219::CID4513,GSE199219::CID4513,20260822,B2_oof_predictions_GSE199219.npy,0.3255830961914435,0.3376874055949408,1.8638805502979987,0.9481850969894935
GSE199219,CID4513,CID3838;CID4040;CID4497;CID4660;CID4664,6486,661,PD-1,"Ridge(alpha=10, solver=lsqr, fit_intercept=True)",StandardScaler(with_mean=False),20260819,1000,26,GSE199219::CID4513,GSE199219::CID4513,20260822,B2_oof_predictions_GSE199219.npy,0.24272804303200837,0.24992351327522097,1.3788406515952458,0.9851951070306998
GSE199219,CID4513,CID3838;CID4040;CID4497;CID4660;CID4664,6486,661,PD-L1,"Ridge(alpha=10, solver=lsqr, fit_intercept=True)",StandardScaler(with_mean=False),20260819,1000,26,GSE199219::CID4513,GSE199219::CID4513,20260822,B2_oof_predictions_GSE199219.npy,-0.007188378103821219,-0.027804196791509764,1.4506485125350883,-0.0803463736284001
GSE199219,CID4513,CID3838;CID4040;CID4497;CID4660;CID4664,6486,661,CTLA4,"Ridge(alpha=10, solver=lsqr, fit_intercept=True)",StandardScaler(with_mean=False),20260819,1000,26,GSE199219::CID4513,GSE199219::CID4513,20260822,B2_oof_predictions_GSE199219.npy,0.06147201453668552,0.061782854235426,2.156924849739316,0.056600580781091266
GSE199219,CID4513,CID3838;CID4040;CID4497;CID4660;CID4664,6486,661,TIGIT,"Ridge(alpha=10, solver=lsqr, fit_intercept=True)",StandardScaler(with_mean=False),20260819,1000,26,GSE199219::CID4513,GSE199219::CID4513,20260822,B2_oof_predictions_GSE199219.npy,0.0539819633058487,0.06750841282804214,1.6162883849708836,0.13921351262520282
GSE199219,CID4513,CID3838;CID4040;CID4497;CID4660;CID4664,6486,661,CD103,"Ridge(alpha=10, solver=lsqr, fit_intercept=True)",StandardScaler(with_mean=False),20260819,1000,26,GSE199219::CID4513,GSE199219::CID4513,20260822,B2_oof_predictions_GSE199219.npy,0.2362890576028071,0.2867155832647169,1.1521420526377624,0.5216937212626309
GSE199219,CID4660,CID3838;CID4040;CID4497;CID4513;CID4664,6828,319,CD8A,"Ridge(alpha=10, solver=lsqr, fit_intercept=True)",StandardScaler(with_mean=False),20260819,1000,26,GSE199219::CID4660,GSE199219::CID4660,20260823,B2_oof_predictions_GSE199219.npy,0.5765067723428166,0.669616756656015,0.526116417671411,0.5526144525758496
GSE199219,CID4660,CID3838;CID4040;CID4497;CID4513;CID4664,6828,319,CD4,"Ridge(alpha=10, solver=lsqr, fit_intercept=True)",StandardScaler(with_mean=False),20260819,1000,26,GSE199219::CID4660,GSE199219::CID4660,20260823,B2_oof_predictions_GSE199219.npy,0.5124340370011508,0.490506410571848,0.5714817490567013,0.4156833926766385
GSE199219,CID4660,CID3838;CID4040;CID4497;CID4513;CID4664,6828,319,CD14,"Ridge(alpha=10, solver=lsqr, fit_intercept=True)",StandardScaler(with_mean=False),20260819,1000,26,GSE199219::CID4660,GSE199219::CID4660,20260823,B2_oof_predictions_GSE199219.npy,-0.049631998731294834,-0.01586768096082782,0.6350607059482579,-0.015194260418619349
GSE199219,CID4660,CID3838;CID4040;CID4497;CID4513;CID4664,6828,319,CD19,"Ridge(alpha=10, solver=lsqr, fit_intercept=True)",StandardScaler(with_mean=False),20260819,1000,26,GSE199219::CID4660,GSE199219::CID4660,20260823,B2_oof_predictions_GSE199219.npy,0.0841755633761164,0.08770725879508591,0.6297166748718264,0.08631325977043236
GSE199219,CID4660,CID3838;CID4040;CID4497;CID4513;CID4664,6828,319,CD56,"Ridge(alpha=10, solver=lsqr, fit_intercept=True)",StandardScaler(with_mean=False),20260819,1000,26,GSE199219::CID4660,GSE199219::CID4660,20260823,B2_oof_predictions_GSE199219.npy,-0.07101828911790253,-0.08978742664297659,0.8450755850498902,-0.1306027914084859
GSE199219,CID4660,CID3838;CID4040;CID4497;CID4513;CID4664,6828,319,HLA-DR,"Ridge(alpha=10, solver=lsqr, fit_intercept=True)",StandardScaler(with_mean=False),20260819,1000,26,GSE199219::CID4660,GSE199219::CID4660,20260823,B2_oof_predictions_GSE199219.npy,0.14886295205498448,0.2347497330366943,0.6667876096090294,0.23407271141493532
GSE199219,CID4660,CID3838;CID4040;CID4497;CID4513;CID4664,6828,319,PD-1,"Ridge(alpha=10, solver=lsqr, fit_intercept=True)",StandardScaler(with_mean=False),20260819,1000,26,GSE199219::CID4660,GSE199219::CID4660,20260823,B2_oof_predictions_GSE199219.npy,0.18658321996806054,0.16927950752414012,0.6550717802251844,0.267141964013618
GSE199219,CID4660,CID3838;CID4040;CID4497;CID4513;CID4664,6828,319,PD-L1,"Ridge(alpha=10, solver=lsqr, fit_intercept=True)",StandardScaler(with_mean=False),20260819,1000,26,GSE199219::CID4660,GSE199219::CID4660,20260823,B2_oof_predictions_GSE199219.npy,-0.021665584305463836,-0.006986156026376894,0.7941108647325477,-0.011017656089306155
GSE199219,CID4660,CID3838;CID4040;CID4497;CID4513;CID4664,6828,319,CTLA4,"Ridge(alpha=10, solver=lsqr, fit_intercept=True)",StandardScaler(with_mean=False),20260819,1000,26,GSE199219::CID4660,GSE199219::CID4660,20260823,B2_oof_predictions_GSE199219.npy,0.05727509315668067,0.0769368952995165,0.6114016887195411,0.07036024072190464
GSE199219,CID4660,CID3838;CID4040;CID4497;CID4513;CID4664,6828,319,TIGIT,"Ridge(alpha=10, solver=lsqr, fit_intercept=True)",StandardScaler(with_mean=False),20260819,1000,26,GSE199219::CID4660,GSE199219::CID4660,20260823,B2_oof_predictions_GSE199219.npy,-0.07377824273969362,-0.04530941256837774,1.0939242671034655,-0.10241533056022158
GSE199219,CID4660,CID3838;CID4040;CID4497;CID4513;CID4664,6828,319,CD103,"Ridge(alpha=10, solver=lsqr, fit_intercept=True)",StandardScaler(with_mean=False),20260819,1000,26,GSE199219::CID4660,GSE199219::CID4660,20260823,B2_oof_predictions_GSE199219.npy,0.3424307766128083,0.43961747056330813,0.582386128976184,0.3136725007523931
GSE199219,CID4664,CID3838;CID4040;CID4497;CID4513;CID4660,4924,2223,CD8A,"Ridge(alpha=10, solver=lsqr, fit_intercept=True)",StandardScaler(with_mean=False),20260819,1000,26,GSE199219::CID4664,GSE199219::CID4664,20260824,B2_oof_predictions_GSE199219.npy,0.41768577136354607,0.5277974340177563,0.6203225249242735,0.39075003323663066
GSE199219,CID4664,CID3838;CID4040;CID4497;CID4513;CID4660,4924,2223,CD4,"Ridge(alpha=10, solver=lsqr, fit_intercept=True)",StandardScaler(with_mean=False),20260819,1000,26,GSE199219::CID4664,GSE199219::CID4664,20260824,B2_oof_predictions_GSE199219.npy,0.48672141018887943,0.4832372862308048,0.7020710441461058,0.329775332068955
GSE199219,CID4664,CID3838;CID4040;CID4497;CID4513;CID4660,4924,2223,CD14,"Ridge(alpha=10, solver=lsqr, fit_intercept=True)",StandardScaler(with_mean=False),20260819,1000,26,GSE199219::CID4664,GSE199219::CID4664,20260824,B2_oof_predictions_GSE199219.npy,0.00814444739263196,0.021800862485193057,0.6482050541361825,0.020294886568191412
GSE199219,CID4664,CID3838;CID4040;CID4497;CID4513;CID4660,4924,2223,CD19,"Ridge(alpha=10, solver=lsqr, fit_intercept=True)",StandardScaler(with_mean=False),20260819,1000,26,GSE199219::CID4664,GSE199219::CID4664,20260824,B2_oof_predictions_GSE199219.npy,0.06024283128199994,0.05878400214711892,0.7274368687498106,0.05755258976979414
GSE199219,CID4664,CID3838;CID4040;CID4497;CID4513;CID4660,4924,2223,CD56,"Ridge(alpha=10, solver=lsqr, fit_intercept=True)",StandardScaler(with_mean=False),20260819,1000,26,GSE199219::CID4664,GSE199219::CID4664,20260824,B2_oof_predictions_GSE199219.npy,-0.009897499604033211,-0.011042217237370056,0.9361090421795663,-0.014235632324342499
GSE199219,CID4664,CID3838;CID4040;CID4497;CID4513;CID4660,4924,2223,HLA-DR,"Ridge(alpha=10, solver=lsqr, fit_intercept=True)",StandardScaler(with_mean=False),20260819,1000,26,GSE199219::CID4664,GSE199219::CID4664,20260824,B2_oof_predictions_GSE199219.npy,0.1973954872629924,0.2298640961633184,0.829782534123004,0.20728218234735996
GSE199219,CID4664,CID3838;CID4040;CID4497;CID4513;CID4660,4924,2223,PD-1,"Ridge(alpha=10, solver=lsqr, fit_intercept=True)",StandardScaler(with_mean=False),20260819,1000,26,GSE199219::CID4664,GSE199219::CID4664,20260824,B2_oof_predictions_GSE199219.npy,0.15843592361527487,0.17655853976099697,0.742122596023536,0.19108973314210081
GSE199219,CID4664,CID3838;CID4040;CID4497;CID4513;CID4660,4924,2223,PD-L1,"Ridge(alpha=10, solver=lsqr, fit_intercept=True)",StandardScaler(with_mean=False),20260819,1000,26,GSE199219::CID4664,GSE199219::CID4664,20260824,B2_oof_predictions_GSE199219.npy,-0.02140588347003906,-0.019278028999905023,0.9563041323349295,-0.026664924750302958
GSE199219,CID4664,CID3838;CID4040;CID4497;CID4513;CID4660,4924,2223,CTLA4,"Ridge(alpha=10, solver=lsqr, fit_intercept=True)",StandardScaler(with_mean=False),20260819,1000,26,GSE199219::CID4664,GSE199219::CID4664,20260824,B2_oof_predictions_GSE199219.npy,0.040474267448816506,0.03978281693245423,0.8495615066519074,0.034820883788457324
GSE199219,CID4664,CID3838;CID4040;CID4497;CID4513;CID4660,4924,2223,TIGIT,"Ridge(alpha=10, solver=lsqr, fit_intercept=True)",StandardScaler(with_mean=False),20260819,1000,26,GSE199219::CID4664,GSE199219::CID4664,20260824,B2_oof_predictions_GSE199219.npy,0.04325499436342045,0.039048598752377185,0.9892729454293001,0.05750008818158191
GSE199219,CID4664,CID3838;CID4040;CID4497;CID4513;CID4660,4924,2223,CD103,"Ridge(alpha=10, solver=lsqr, fit_intercept=True)",StandardScaler(with_mean=False),20260819,1000,26,GSE199219::CID4664,GSE199219::CID4664,20260824,B2_oof_predictions_GSE199219.npy,0.12919515293732733,0.21143383232649232,0.6584184013824258,0.1222952040604258
GSE267552,BC07,BC08;BC09;BC10;BC12,2934,831,CD8A,"Ridge(alpha=10, solver=lsqr, fit_intercept=True)",StandardScaler(with_mean=False),20260819,1000,26,GSE267552::BC07,GSE267552::BC07,20260819,B2_oof_predictions_GSE267552.npy,0.42868739059138705,0.4869370819669785,1.5063811321470462,0.827376424175959
GSE267552,BC07,BC08;BC09;BC10;BC12,2934,831,CD4,"Ridge(alpha=10, solver=lsqr, fit_intercept=True)",StandardScaler(with_mean=False),20260819,1000,26,GSE267552::BC07,GSE267552::BC07,20260819,B2_oof_predictions_GSE267552.npy,-0.03489631425176231,0.013551300091412392,1.3197737951580075,0.01955940722047499
GSE267552,BC07,BC08;BC09;BC10;BC12,2934,831,CD14,"Ridge(alpha=10, solver=lsqr, fit_intercept=True)",StandardScaler(with_mean=False),20260819,1000,26,GSE267552::BC07,GSE267552::BC07,20260819,B2_oof_predictions_GSE267552.npy,0.06230663382554819,0.04559276600740766,1.204777854901572,0.059977170029705824
GSE267552,BC07,BC08;BC09;BC10;BC12,2934,831,CD19,"Ridge(alpha=10, solver=lsqr, fit_intercept=True)",StandardScaler(with_mean=False),20260819,1000,26,GSE267552::BC07,GSE267552::BC07,20260819,B2_oof_predictions_GSE267552.npy,0.016482640852138523,0.036584741079763165,1.1124315074322448,0.04647736306760616
GSE267552,BC07,BC08;BC09;BC10;BC12,2934,831,CD56,"Ridge(alpha=10, solver=lsqr, fit_intercept=True)",StandardScaler(with_mean=False),20260819,1000,26,GSE267552::BC07,GSE267552::BC07,20260819,B2_oof_predictions_GSE267552.npy,0.13813162125624212,0.22258435774667754,1.2569805501271976,0.21816011000842653
GSE267552,BC07,BC08;BC09;BC10;BC12,2934,831,HLA-DR,"Ridge(alpha=10, solver=lsqr, fit_intercept=True)",StandardScaler(with_mean=False),20260819,1000,26,GSE267552::BC07,GSE267552::BC07,20260819,B2_oof_predictions_GSE267552.npy,0.12344999422960891,0.14077742530056972,1.3138610654169354,0.22895241304010955
GSE267552,BC07,BC08;BC09;BC10;BC12,2934,831,PD-1,"Ridge(alpha=10, solver=lsqr, fit_intercept=True)",StandardScaler(with_mean=False),20260819,1000,26,GSE267552::BC07,GSE267552::BC07,20260819,B2_oof_predictions_GSE267552.npy,0.3363773617101006,0.37063450238873924,0.8713785454625899,0.4590630311637213
GSE267552,BC07,BC08;BC09;BC10;BC12,2934,831,PD-L1,"Ridge(alpha=10, solver=lsqr, fit_intercept=True)",StandardScaler(with_mean=False),20260819,1000,26,GSE267552::BC07,GSE267552::BC07,20260819,B2_oof_predictions_GSE267552.npy,0.041248978473687144,0.017675977519200567,1.200750914447374,0.023310234835444886
GSE267552,BC07,BC08;BC09;BC10;BC12,2934,831,CTLA4,"Ridge(alpha=10, solver=lsqr, fit_intercept=True)",StandardScaler(with_mean=False),20260819,1000,26,GSE267552::BC07,GSE267552::BC07,20260819,B2_oof_predictions_GSE267552.npy,-0.009235292804547107,-0.006639200790216762,1.285072887167305,-0.00899501689941308
GSE267552,BC07,BC08;BC09;BC10;BC12,2934,831,TIGIT,"Ridge(alpha=10, solver=lsqr, fit_intercept=True)",StandardScaler(with_mean=False),20260819,1000,26,GSE267552::BC07,GSE267552::BC07,20260819,B2_oof_predictions_GSE267552.npy,0.3364630997937094,0.3539911515301104,1.1193505429185386,0.4470401567990008
GSE267552,BC07,BC08;BC09;BC10;BC12,2934,831,CD103,"Ridge(alpha=10, solver=lsqr, fit_intercept=True)",StandardScaler(with_mean=False),20260819,1000,26,GSE267552::BC07,GSE267552::BC07,20260819,B2_oof_predictions_GSE267552.npy,0.5494689581413426,0.5885722868839922,0.7954750163240669,0.6853022423107701
GSE267552,BC08,BC07;BC09;BC10;BC12,2387,1378,CD8A,"Ridge(alpha=10, solver=lsqr, fit_intercept=True)",StandardScaler(with_mean=False),20260819,1000,26,GSE267552::BC08,GSE267552::BC08,20260820,B2_oof_predictions_GSE267552.npy,0.28814091726445606,0.4222706509036769,1.12095270685688,0.3865897809222464
GSE267552,BC08,BC07;BC09;BC10;BC12,2387,1378,CD4,"Ridge(alpha=10, solver=lsqr, fit_intercept=True)",StandardScaler(with_mean=False),20260819,1000,26,GSE267552::BC08,GSE267552::BC08,20260820,B2_oof_predictions_GSE267552.npy,0.046779141437486696,0.04362607056659103,1.28632601933872,0.042953782545619164
GSE267552,BC08,BC07;BC09;BC10;BC12,2387,1378,CD14,"Ridge(alpha=10, solver=lsqr, fit_intercept=True)",StandardScaler(with_mean=False),20260819,1000,26,GSE267552::BC08,GSE267552::BC08,20260820,B2_oof_predictions_GSE267552.npy,0.01873169568557128,0.014792283084133055,1.4049563499045843,0.01754917451797972
GSE267552,BC08,BC07;BC09;BC10;BC12,2387,1378,CD19,"Ridge(alpha=10, solver=lsqr, fit_intercept=True)",StandardScaler(with_mean=False),20260819,1000,26,GSE267552::BC08,GSE267552::BC08,20260820,B2_oof_predictions_GSE267552.npy,0.02865623182741893,0.1030431795661122,1.3465226176663574,0.11893679118499637
GSE267552,BC08,BC07;BC09;BC10;BC12,2387,1378,CD56,"Ridge(alpha=10, solver=lsqr, fit_intercept=True)",StandardScaler(with_mean=False),20260819,1000,26,GSE267552::BC08,GSE267552::BC08,20260820,B2_oof_predictions_GSE267552.npy,0.048529641738073837,0.08383880158532575,1.106500965117274,0.07101682174982361
GSE267552,BC08,BC07;BC09;BC10;BC12,2387,1378,HLA-DR,"Ridge(alpha=10, solver=lsqr, fit_intercept=True)",StandardScaler(with_mean=False),20260819,1000,26,GSE267552::BC08,GSE267552::BC08,20260820,B2_oof_predictions_GSE267552.npy,0.12725967656805737,0.1433864453154802,1.2175828958369252,0.14776121563266187
GSE267552,BC08,BC07;BC09;BC10;BC12,2387,1378,PD-1,"Ridge(alpha=10, solver=lsqr, fit_intercept=True)",StandardScaler(with_mean=False),20260819,1000,26,GSE267552::BC08,GSE267552::BC08,20260820,B2_oof_predictions_GSE267552.npy,0.4633328849641703,0.4770943603380194,0.9226776230071057,0.5421566645716537
GSE267552,BC08,BC07;BC09;BC10;BC12,2387,1378,PD-L1,"Ridge(alpha=10, solver=lsqr, fit_intercept=True)",StandardScaler(with_mean=False),20260819,1000,26,GSE267552::BC08,GSE267552::BC08,20260820,B2_oof_predictions_GSE267552.npy,-0.04388686611598618,-0.04373593058581591,1.4235301567233705,-0.05024744967167638
GSE267552,BC08,BC07;BC09;BC10;BC12,2387,1378,CTLA4,"Ridge(alpha=10, solver=lsqr, fit_intercept=True)",StandardScaler(with_mean=False),20260819,1000,26,GSE267552::BC08,GSE267552::BC08,20260820,B2_oof_predictions_GSE267552.npy,-0.01623979020216703,-0.013619621471870957,1.3504914348800203,-0.014340496507498043
GSE267552,BC08,BC07;BC09;BC10;BC12,2387,1378,TIGIT,"Ridge(alpha=10, solver=lsqr, fit_intercept=True)",StandardScaler(with_mean=False),20260819,1000,26,GSE267552::BC08,GSE267552::BC08,20260820,B2_oof_predictions_GSE267552.npy,0.26184657724910393,0.2767140044843735,1.1103567680841409,0.28925095821528446
GSE267552,BC08,BC07;BC09;BC10;BC12,2387,1378,CD103,"Ridge(alpha=10, solver=lsqr, fit_intercept=True)",StandardScaler(with_mean=False),20260819,1000,26,GSE267552::BC08,GSE267552::BC08,20260820,B2_oof_predictions_GSE267552.npy,0.29141192621464357,0.378426625934779,0.8252108247265708,0.3830650730187578
GSE267552,BC09,BC07;BC08;BC10;BC12,3705,60,CD8A,"Ridge(alpha=10, solver=lsqr, fit_intercept=True)",StandardScaler(with_mean=False),20260819,1000,26,GSE267552::BC09,GSE267552::BC09,20260821,B2_oof_predictions_GSE267552.npy,0.5706902309579746,0.543900411384638,0.8567360554685239,0.6093279884917483
GSE267552,BC09,BC07;BC08;BC10;BC12,3705,60,CD4,"Ridge(alpha=10, solver=lsqr, fit_intercept=True)",StandardScaler(with_mean=False),20260819,1000,26,GSE267552::BC09,GSE267552::BC09,20260821,B2_oof_predictions_GSE267552.npy,0.19502910573020968,0.19325132278262602,0.9146179947374182,0.250636544711663
GSE267552,BC09,BC07;BC08;BC10;BC12,3705,60,CD14,"Ridge(alpha=10, solver=lsqr, fit_intercept=True)",StandardScaler(with_mean=False),20260819,1000,26,GSE267552::BC09,GSE267552::BC09,20260821,B2_oof_predictions_GSE267552.npy,0.065035419493835,0.1052589180857527,1.2986093477543066,0.21608168672240266
GSE267552,BC09,BC07;BC08;BC10;BC12,3705,60,CD19,"Ridge(alpha=10, solver=lsqr, fit_intercept=True)",StandardScaler(with_mean=False),20260819,1000,26,GSE267552::BC09,GSE267552::BC09,20260821,B2_oof_predictions_GSE267552.npy,0.20812724514812286,0.2313894582973724,0.9156469424566475,0.3227569424100821
GSE267552,BC09,BC07;BC08;BC10;BC12,3705,60,CD56,"Ridge(alpha=10, solver=lsqr, fit_intercept=True)",StandardScaler(with_mean=False),20260819,1000,26,GSE267552::BC09,GSE267552::BC09,20260821,B2_oof_predictions_GSE267552.npy,0.10266946602179476,0.26971950222731467,1.5545752934585333,0.6490228159349335
GSE267552,BC09,BC07;BC08;BC10;BC12,3705,60,HLA-DR,"Ridge(alpha=10, solver=lsqr, fit_intercept=True)",StandardScaler(with_mean=False),20260819,1000,26,GSE267552::BC09,GSE267552::BC09,20260821,B2_oof_predictions_GSE267552.npy,0.018702237223747097,-0.03418377247580707,0.9678357495166309,-0.04031157330105923
GSE267552,BC09,BC07;BC08;BC10;BC12,3705,60,PD-1,"Ridge(alpha=10, solver=lsqr, fit_intercept=True)",StandardScaler(with_mean=False),20260819,1000,26,GSE267552::BC09,GSE267552::BC09,20260821,B2_oof_predictions_GSE267552.npy,0.3518755209780495,0.36437275258845603,0.8027605302866685,0.34582749821905623
GSE267552,BC09,BC07;BC08;BC10;BC12,3705,60,PD-L1,"Ridge(alpha=10, solver=lsqr, fit_intercept=True)",StandardScaler(with_mean=False),20260819,1000,26,GSE267552::BC09,GSE267552::BC09,20260821,B2_oof_predictions_GSE267552.npy,-0.006557377049180329,-0.002887142400812715,1.2146718170121895,-0.00521347322672057
GSE267552,BC09,BC07;BC08;BC10;BC12,3705,60,CTLA4,"Ridge(alpha=10, solver=lsqr, fit_intercept=True)",StandardScaler(with_mean=False),20260819,1000,26,GSE267552::BC09,GSE267552::BC09,20260821,B2_oof_predictions_GSE267552.npy,0.05857182550708532,0.1175427045064255,1.1498158514016203,0.20434313846027624
GSE267552,BC09,BC07;BC08;BC10;BC12,3705,60,TIGIT,"Ridge(alpha=10, solver=lsqr, fit_intercept=True)",StandardScaler(with_mean=False),20260819,1000,26,GSE267552::BC09,GSE267552::BC09,20260821,B2_oof_predictions_GSE267552.npy,0.367940649391571,0.43956625838967583,0.9555453527333372,0.644758339409371
GSE267552,BC09,BC07;BC08;BC10;BC12,3705,60,CD103,"Ridge(alpha=10, solver=lsqr, fit_intercept=True)",StandardScaler(with_mean=False),20260819,1000,26,GSE267552::BC09,GSE267552::BC09,20260821,B2_oof_predictions_GSE267552.npy,0.44409644229928746,0.6130203679366396,0.7694471445168527,0.6272959389743143
GSE267552,BC10,BC07;BC08;BC09;BC12,2767,998,CD8A,"Ridge(alpha=10, solver=lsqr, fit_intercept=True)",StandardScaler(with_mean=False),20260819,1000,26,GSE267552::BC10,GSE267552::BC10,20260822,B2_oof_predictions_GSE267552.npy,0.2788083187915186,0.36804219029465524,0.8591543026035066,0.3793388755553334
GSE267552,BC10,BC07;BC08;BC09;BC12,2767,998,CD4,"Ridge(alpha=10, solver=lsqr, fit_intercept=True)",StandardScaler(with_mean=False),20260819,1000,26,GSE267552::BC10,GSE267552::BC10,20260822,B2_oof_predictions_GSE267552.npy,0.02932558536975415,0.044703237994639496,1.2929532850939889,0.06399665101607438
GSE267552,BC10,BC07;BC08;BC09;BC12,2767,998,CD14,"Ridge(alpha=10, solver=lsqr, fit_intercept=True)",StandardScaler(with_mean=False),20260819,1000,26,GSE267552::BC10,GSE267552::BC10,20260822,B2_oof_predictions_GSE267552.npy,0.008562422593070124,-0.008302776172156943,1.3103657996663196,-0.01140619603857819
GSE267552,BC10,BC07;BC08;BC09;BC12,2767,998,CD19,"Ridge(alpha=10, solver=lsqr, fit_intercept=True)",StandardScaler(with_mean=False),20260819,1000,26,GSE267552::BC10,GSE267552::BC10,20260822,B2_oof_predictions_GSE267552.npy,0.08051614007439883,0.0656394801914554,1.2280028510507497,0.09559176473153207
GSE267552,BC10,BC07;BC08;BC09;BC12,2767,998,CD56,"Ridge(alpha=10, solver=lsqr, fit_intercept=True)",StandardScaler(with_mean=False),20260819,1000,26,GSE267552::BC10,GSE267552::BC10,20260822,B2_oof_predictions_GSE267552.npy,0.08949067103469041,0.16132869961917182,0.9963874627311009,0.1914949487409143
GSE267552,BC10,BC07;BC08;BC09;BC12,2767,998,HLA-DR,"Ridge(alpha=10, solver=lsqr, fit_intercept=True)",StandardScaler(with_mean=False),20260819,1000,26,GSE267552::BC10,GSE267552::BC10,20260822,B2_oof_predictions_GSE267552.npy,0.15861279284799126,0.17763305667095838,1.157003655992078,0.21143849684425084
GSE267552,BC10,BC07;BC08;BC09;BC12,2767,998,PD-1,"Ridge(alpha=10, solver=lsqr, fit_intercept=True)",StandardScaler(with_mean=False),20260819,1000,26,GSE267552::BC10,GSE267552::BC10,20260822,B2_oof_predictions_GSE267552.npy,0.6654217649427727,0.7026410591770944,0.9430487671104008,0.8239797051642319
GSE267552,BC10,BC07;BC08;BC09;BC12,2767,998,PD-L1,"Ridge(alpha=10, solver=lsqr, fit_intercept=True)",StandardScaler(with_mean=False),20260819,1000,26,GSE267552::BC10,GSE267552::BC10,20260822,B2_oof_predictions_GSE267552.npy,-0.008689919708729496,-0.014410713209270468,1.2897122348049452,-0.02103195778746647
GSE267552,BC10,BC07;BC08;BC09;BC12,2767,998,CTLA4,"Ridge(alpha=10, solver=lsqr, fit_intercept=True)",StandardScaler(with_mean=False),20260819,1000,26,GSE267552::BC10,GSE267552::BC10,20260822,B2_oof_predictions_GSE267552.npy,0.038429639022956576,0.04630718268379512,1.2928446417772705,0.06881987782683965
GSE267552,BC10,BC07;BC08;BC09;BC12,2767,998,TIGIT,"Ridge(alpha=10, solver=lsqr, fit_intercept=True)",StandardScaler(with_mean=False),20260819,1000,26,GSE267552::BC10,GSE267552::BC10,20260822,B2_oof_predictions_GSE267552.npy,0.32757894933567616,0.3287811142609275,1.1130964727550916,0.42745676409807926
GSE267552,BC10,BC07;BC08;BC09;BC12,2767,998,CD103,"Ridge(alpha=10, solver=lsqr, fit_intercept=True)",StandardScaler(with_mean=False),20260819,1000,26,GSE267552::BC10,GSE267552::BC10,20260822,B2_oof_predictions_GSE267552.npy,0.5376542397679749,0.6004840949990423,1.030510456988921,0.788094082634191
GSE267552,BC12,BC07;BC08;BC09;BC10,3267,498,CD8A,"Ridge(alpha=10, solver=lsqr, fit_intercept=True)",StandardScaler(with_mean=False),20260819,1000,26,GSE267552::BC12,GSE267552::BC12,20260823,B2_oof_predictions_GSE267552.npy,0.29267214423234966,0.33793876481998936,0.8616377948196069,0.40711359373367606
GSE267552,BC12,BC07;BC08;BC09;BC10,3267,498,CD4,"Ridge(alpha=10, solver=lsqr, fit_intercept=True)",StandardScaler(with_mean=False),20260819,1000,26,GSE267552::BC12,GSE267552::BC12,20260823,B2_oof_predictions_GSE267552.npy,0.027139209158869124,0.01852698465874713,1.1070725916683906,0.027586189315445868
GSE267552,BC12,BC07;BC08;BC09;BC10,3267,498,CD14,"Ridge(alpha=10, solver=lsqr, fit_intercept=True)",StandardScaler(with_mean=False),20260819,1000,26,GSE267552::BC12,GSE267552::BC12,20260823,B2_oof_predictions_GSE267552.npy,-0.01735160484524834,-0.010507386589727379,1.0310026687489497,-0.013338052068818178
GSE267552,BC12,BC07;BC08;BC09;BC10,3267,498,CD19,"Ridge(alpha=10, solver=lsqr, fit_intercept=True)",StandardScaler(with_mean=False),20260819,1000,26,GSE267552::BC12,GSE267552::BC12,20260823,B2_oof_predictions_GSE267552.npy,0.032722640294437326,0.3565637736462993,1.1215145183058164,0.3427054146398666
GSE267552,BC12,BC07;BC08;BC09;BC10,3267,498,CD56,"Ridge(alpha=10, solver=lsqr, fit_intercept=True)",StandardScaler(with_mean=False),20260819,1000,26,GSE267552::BC12,GSE267552::BC12,20260823,B2_oof_predictions_GSE267552.npy,0.0389349949050349,0.1259997069509527,1.7140209043198682,0.3294667363898732
GSE267552,BC12,BC07;BC08;BC09;BC10,3267,498,HLA-DR,"Ridge(alpha=10, solver=lsqr, fit_intercept=True)",StandardScaler(with_mean=False),20260819,1000,26,GSE267552::BC12,GSE267552::BC12,20260823,B2_oof_predictions_GSE267552.npy,0.08728544300655926,0.07534143400643922,1.1320715706933135,0.10041363210880021
GSE267552,BC12,BC07;BC08;BC09;BC10,3267,498,PD-1,"Ridge(alpha=10, solver=lsqr, fit_intercept=True)",StandardScaler(with_mean=False),20260819,1000,26,GSE267552::BC12,GSE267552::BC12,20260823,B2_oof_predictions_GSE267552.npy,0.301367759397003,0.3262143928251584,0.8123261453985823,0.4282560538745816
GSE267552,BC12,BC07;BC08;BC09;BC10,3267,498,PD-L1,"Ridge(alpha=10, solver=lsqr, fit_intercept=True)",StandardScaler(with_mean=False),20260819,1000,26,GSE267552::BC12,GSE267552::BC12,20260823,B2_oof_predictions_GSE267552.npy,0.0261145791619602,0.007274272311153993,1.049684165464413,0.008987951274917489
GSE267552,BC12,BC07;BC08;BC09;BC10,3267,498,CTLA4,"Ridge(alpha=10, solver=lsqr, fit_intercept=True)",StandardScaler(with_mean=False),20260819,1000,26,GSE267552::BC12,GSE267552::BC12,20260823,B2_oof_predictions_GSE267552.npy,-0.004123589838035869,-0.013477019482149816,1.038892071102543,-0.018927604005429206
GSE267552,BC12,BC07;BC08;BC09;BC10,3267,498,TIGIT,"Ridge(alpha=10, solver=lsqr, fit_intercept=True)",StandardScaler(with_mean=False),20260819,1000,26,GSE267552::BC12,GSE267552::BC12,20260823,B2_oof_predictions_GSE267552.npy,0.35971976339092493,0.39313202980433026,0.8702369695901806,0.49237358676039666
GSE267552,BC12,BC07;BC08;BC09;BC10,3267,498,CD103,"Ridge(alpha=10, solver=lsqr, fit_intercept=True)",StandardScaler(with_mean=False),20260819,1000,26,GSE267552::BC12,GSE267552::BC12,20260823,B2_oof_predictions_GSE267552.npy,0.614788931355051,0.6320594454057133,0.9068893865512541,0.95041740240142
