spearman,r2,rmse,mae,prediction_sd,observed_sd,sd_ratio,calibration_slope,calibration_intercept,noncognate_spearman,specificity_delta,cohort,target,mode,n_cells,n_donors,passes_hard_gate,passes_exploratory_gate
0.42116852312288894,0.07455722264067544,0.6988514394396791,0.5696999238354526,0.6099786067320752,0.7264572776302254,0.8396620496691629,0.5545435450529864,0.6016456087296143,-0.1951602723864613,0.6163287955093503,GSE199219,CD8A,observed,7147,6,True,True
-0.12702524654986602,-0.39377495280625796,0.857642722354519,0.6791138572681584,0.3789870663043178,0.7264572776302254,0.5216921599858021,-0.21838392775865786,1.5838324752384603,-0.01785614424459227,-0.10916910230527375,GSE199219,CD8A,label_shuffled,7147,6,False,False
0.23783649109734203,-0.35198899285291585,0.6934670356747483,0.5617436254501703,0.5008752538098238,0.5964022092829769,0.8398279651109941,0.2559242141134286,0.5593255778132056,0.18986296160284158,0.047973529494500455,GSE199219,CD4,observed,7147,6,False,False
-0.14189154768299175,-0.4404891125442829,0.7158041857377921,0.5781710097315943,0.32462428211265976,0.5964022092829769,0.5443042917344966,-0.2426055148835611,0.9595624126952893,-0.02774423735842174,-0.11414731032457001,GSE199219,CD4,label_shuffled,7147,6,False,False
-0.6219280705354481,-1.446832661888326,0.7290716645361062,0.6144534485818377,0.3476545726426103,0.4660881754273409,0.7458987182497331,-0.7973974081834124,1.4449473247658213,-0.5807591882813186,-0.04116888225412951,GSE199219,CD14,observed,7147,6,False,False
-0.4258289470873112,-0.754365440098864,0.6173452583618063,0.5115616931636879,0.259195583787412,0.4660881754273409,0.5561084735731905,-0.710163923662559,1.369415576049044,-0.4234827618900777,-0.002346185197233508,GSE199219,CD14,label_shuffled,7147,6,False,False
-0.4737558050098969,-1.2566950737653535,0.6980415816027922,0.5989405526273859,0.3477660577828187,0.4646702342537039,0.7484147512511915,-0.6161022505765811,1.0250904887607937,-0.2047261691450191,-0.2690296358648778,GSE199219,CD19,observed,7147,6,False,False
-0.44077022371534114,-0.7621293618751759,0.6168275279883373,0.511591581410693,0.25770025690687237,0.4646702342537039,0.5545873996443064,-0.7227229809179265,1.0835331026966875,0.1277987446787738,-0.568568968394115,GSE199219,CD19,label_shuffled,7147,6,False,False
-0.38849933666545505,-0.9072605126713038,0.3895500678761774,0.32274788385821146,0.1850873600669592,0.28207089443732,0.6561731951684513,-0.5513270988936395,0.5450779026932897,-0.5261406268922855,0.13764129022683042,GSE199219,CD56,observed,7147,6,False,False
-0.2263615622882544,-0.4720385779181162,0.3422298378873375,0.28087739214610685,0.14123315849409884,0.28207089443732,0.5007009276013155,-0.43047539354574776,0.49992138145249865,-0.22701421684701126,0.0006526545587568489,GSE199219,CD56,label_shuffled,7147,6,False,False
0.18611219883929023,-0.25851345698476313,0.46403887397966365,0.36055492508547743,0.28593034142221535,0.41364276491241986,0.691249468566808,0.22988085543797784,0.3724018565397206,0.17500828935326534,0.011103909486024882,GSE199219,HLA-DR,observed,7147,6,False,False
-0.18366702592319095,-0.4719009275881916,0.5018393614380402,0.3971143004585456,0.21691336233942157,0.41364276491241986,0.5243978155531099,-0.31975119964908333,0.6605230924014068,0.14753711935771585,-0.3312041452809068,GSE199219,HLA-DR,label_shuffled,7147,6,False,False
0.6176427932868886,0.35290360108047425,0.3906439452852623,0.2991403231955414,0.36444534591893485,0.48562004619677535,0.7504742622821218,0.8154791878523387,0.08517785234558156,0.2870674451670767,0.33057534811981193,GSE199219,PD-1,observed,7147,6,True,True
-0.31245091901323585,-0.6126433627385208,0.616688390497961,0.520779002306564,0.26178971758159325,0.48562004619677535,0.5390834246482381,-0.5437805964240923,0.8973602075699555,-0.14161263377636168,-0.17083828523687417,GSE199219,PD-1,label_shuffled,7147,6,False,False
0.20130264334362494,-0.1202201205312936,0.34267374929575517,0.272843218549959,0.17946307884208854,0.3237644435148714,0.5543013831098637,0.3050541392370476,0.3098158710747382,0.058089275847435076,0.14321336749618985,GSE199219,PD-L1,observed,7147,6,False,False
-0.25255758444930004,-0.5629174310089526,0.40475961051080617,0.3383885110462036,0.17778125317742355,0.3237644435148714,0.549106786549455,-0.4324148524003446,0.6463243063113163,-0.1881732767121405,-0.06438430773715953,GSE199219,PD-L1,label_shuffled,7147,6,False,False
-0.5063839577887339,-1.2515576822520558,0.7275936693379603,0.6315874476407434,0.35704019720581537,0.48489462820852497,0.7363253301545613,-0.6521196466788931,1.4664137969102269,0.2193401840966834,-0.7257241418854173,GSE199219,CTLA4,observed,7147,6,False,False
-0.4261577574037132,-0.7559912859311997,0.6425524015526901,0.5326580955264846,0.27395882073410016,0.48489462820852497,0.5649862976338983,-0.6693163406893963,1.465260011085314,0.2586943221258936,-0.6848520795296068,GSE199219,CTLA4,label_shuffled,7147,6,False,False
-0.19926870128871718,-0.5383299517233429,0.3651514013217345,0.2936639132355388,0.16780169011693852,0.294407062251188,0.5699648942992073,-0.32759611255833865,0.5678630060829111,-0.3949177455062481,0.1956490442175309,GSE199219,TIGIT,observed,7147,6,False,False
-0.18376812596528802,-0.46386453589285304,0.3562038985952321,0.2875332268274075,0.15485336995242344,0.294407062251188,0.525983883566973,-0.33316225276956346,0.5674174267169988,-0.2062432580633671,0.02247513209807908,GSE199219,TIGIT,label_shuffled,7147,6,False,False
0.08024621204439722,-0.28453839764791766,0.7750675646898859,0.5428697025195508,0.4819442041492571,0.6838581347009263,0.7047429571924697,0.21860033235683937,0.44295366132408653,0.2971791135529198,-0.2169329015085226,GSE199219,CD103,observed,7147,6,False,False
-0.0638653450251475,-0.34252188530650285,0.7923675918710686,0.5545387416119452,0.35818064769031543,0.6838581347009263,0.5237645492759396,-0.11985000486741106,0.6236819243995528,0.016718156622166764,-0.08058350164731426,GSE199219,CD103,label_shuffled,7147,6,False,False
0.22163639376871475,-0.19636740753970394,0.7066601987277241,0.564636125377838,0.5538250428125714,0.6460681693765813,0.8572238489120749,0.3721819267953339,1.0765596968311164,0.01861367005209221,0.20302272371662253,GSE267552,CD8A,observed,3765,5,False,False
-0.08166712326635045,-0.7637522660468388,0.8580194584290493,0.6759448645297933,0.518573122607368,0.6460681693765813,0.8026600708525252,-0.0838199163653211,1.9026089369373016,0.017309060105399697,-0.09897618337175015,GSE267552,CD8A,label_shuffled,3765,5,False,False
0.02231596301540679,-0.6133533129910733,0.2809740978562943,0.22062391998640962,0.18146944564351591,0.22120836349894335,0.8203552649327508,0.04452066481974573,0.39961030027085165,-0.007008042718469323,0.029324005733876113,GSE267552,CD4,observed,3765,5,False,False
0.014956159714397859,-0.5639720054389301,0.2766406716776891,0.21809161628726603,0.17324635169243605,0.22120836349894335,0.7831817430052259,0.04061632353282494,0.4012276420538271,0.018988669150857326,-0.004032509436459468,GSE267552,CD4,label_shuffled,3765,5,False,False
0.008110331307947787,-0.6264879716356502,0.18100088776269646,0.14398879672898948,0.11205625741617467,0.14192381509204266,0.7895521787058937,-0.002358170279115905,0.16134087097685063,-0.009217013929709097,0.017327345237656885,GSE267552,CD14,observed,3765,5,False,False
0.012821443303282451,-0.6207317711898872,0.18068031950325084,0.14332085438320116,0.11204647353870008,0.14192381509204266,0.789483241174386,0.004627969062527016,0.16025776745273376,-0.00372145277828465,0.0165428960815671,GSE267552,CD14,label_shuffled,3765,5,False,False
0.0415342034962575,-0.48728577926754135,0.2047700689686108,0.16104861260568193,0.13920541578535836,0.16790717850348078,0.8290617293796798,0.1495882116390945,0.16256734656328733,-0.004179333652978241,0.04571353714923574,GSE267552,CD19,observed,3765,5,False,False
-0.013450770798305938,-0.6402207782579259,0.21504057787853934,0.16750629213978227,0.13213107704911897,0.16790717850348078,0.7869292916882636,-0.015983357008979605,0.1963682049368717,-0.0329673339140388,0.01951656311573286,GSE267552,CD19,label_shuffled,3765,5,False,False
0.07965553236873774,-0.5222758998493733,0.3446467775711876,0.24615692812976117,0.24542661548540642,0.27933640289944556,0.8786059136508396,0.16172497146229028,0.2192754319061312,-0.07262073794368468,0.1522762703124224,GSE267552,CD56,observed,3765,5,False,False
0.004414955401093594,-0.703262198251825,0.3645593911475631,0.2564856806208886,0.2300014369680159,0.27933640289944556,0.8233851176597664,-0.018547811644776577,0.2665745140607283,0.014854133332876756,-0.010439177931783162,GSE267552,CD56,label_shuffled,3765,5,False,False
0.13208831329698464,-0.4627156652729947,0.358100894559593,0.27783161446915494,0.24667466075435965,0.29609116558038084,0.833103751241082,0.17001988846992044,0.38609219444334686,0.0504295537715659,0.08165875952541873,GSE267552,HLA-DR,observed,3765,5,False,False
-0.020846273043989127,-0.6825120975248711,0.3840648371537776,0.3006702750922546,0.2392399022795092,0.29609116558038084,0.8079940575415849,-0.022694375521116184,0.4800089471379871,0.04657630897910804,-0.06742258202309717,GSE267552,HLA-DR,label_shuffled,3765,5,False,False
0.48108972800363997,0.2031520793273125,0.534914674719624,0.4252683113057852,0.49681744165530006,0.5992344741811383,0.8290868817823066,0.6487388004251781,0.5846530705221042,-0.02402821422612451,0.5051179422297645,GSE267552,PD-1,observed,3765,5,True,True
0.040209550360472024,-0.6301998809099505,0.7650982684301203,0.6090342420478363,0.5008071794658381,0.5992344741811383,0.8357449396585496,0.052234699023941955,1.5413970689012446,-0.012148473766188262,0.05235802412666028,GSE267552,PD-1,label_shuffled,3765,5,False,False
-0.012928165814881641,-0.6317636583367969,0.3458362909876843,0.26686576152855773,0.2094215931521363,0.2707334618342276,0.7735342049457001,-0.027812042953542733,0.6765433807408494,-0.015932925415822873,0.0030047596009412317,GSE267552,PD-L1,observed,3765,5,False,False
7.12339144714335e-05,-0.5952303610698824,0.3419429388346804,0.2627880175350046,0.2092141349363847,0.2707334618342276,0.7727679228084791,0.0032371068581836266,0.6560623475207651,-0.014883017271417153,0.014954251185888586,GSE267552,PD-L1,label_shuffled,3765,5,False,False
0.0029544077816305216,-0.6238134263131987,0.28478143301375763,0.226033418086823,0.17769036001019112,0.22348254429400513,0.7950972661937679,0.006756386273879917,0.7999259530594893,0.0014857021629682272,0.0014687056186622944,GSE267552,CTLA4,observed,3765,5,False,False
-0.0035619806461666113,-0.6089069451767939,0.28347128359551754,0.22486796930192338,0.17433088171793312,0.22348254429400513,0.7800648693554788,-0.0002373458992686634,0.8055792376142057,-0.02008463583843154,0.016522655192264927,GSE267552,CTLA4,label_shuffled,3765,5,False,False
0.3144091991832096,-0.1713470568228046,0.38039460056994,0.30179253674937173,0.29715190410318404,0.35147266021828527,0.8454481322064572,0.3830698802029225,0.5394167258394718,0.000747777958106118,0.3136614212251035,GSE267552,TIGIT,observed,3765,5,False,False
0.02925593112153106,-0.5521301933813034,0.4378805169337614,0.3463342975727316,0.2730579147488893,0.35147266021828527,0.7768966000920362,0.04347406160341402,0.823328396158588,0.00045268251559167367,0.028803248605939386,GSE267552,TIGIT,label_shuffled,3765,5,False,False
0.4861850331196794,0.21181233612170103,0.9729376195288104,0.7803242562291899,0.9083591917114471,1.095898113798078,0.8288719364278553,0.6600721454300283,0.4027900057531547,-0.0017619321803909274,0.48794696530007037,GSE267552,CD103,observed,3765,5,True,True
0.003511278286964302,-0.6584325594504603,1.4112991735460194,1.166529499667059,0.9027326487291917,1.095898113798078,0.8237377520439116,0.015599630411233592,0.9769352514421783,-0.00838143607519254,0.011892714362156843,GSE267552,CD103,label_shuffled,3765,5,False,False
