spearman,r2,rmse,mae,prediction_sd,observed_sd,sd_ratio,calibration_slope,calibration_intercept,cohort,held_out_donor,target,n_cells,noncognate_spearman,specificity_delta,passes_hard_gate,passes_exploratory_gate
0.518269141909456,0.24513281073236215,0.9422823737485748,0.8309575880508638,0.3258366476726678,1.084540545809023,0.30043749764063177,2.2731735637612034,-2.2972925064572465,GSE199219,CID3838,CD8A,1635,-0.02523417837271396,0.54350332028217,False,False
0.4644552637209892,-3.5389725341609966,0.6760850472154855,0.5695552158412498,0.6715029238424084,0.31733834575042535,2.1160472184805554,0.22798853634512023,1.411865419637098,GSE199219,CID4040,CD8A,1957,-0.010342115519766876,0.4747973792407561,False,False
0.6426613597293482,-0.3565125777559299,0.6027088608136546,0.47251612575537244,0.6959972637466907,0.5174824955805022,1.344967742272971,0.4452000980000717,0.7327443483873747,GSE199219,CID4497,CD8A,352,-0.01327139203702773,0.655932751766376,False,False
0.5967645677893793,0.2228430005897294,0.7699813908737295,0.6615123497385472,0.5280431833945564,0.8734254609409768,0.6045658238834416,1.187822391938193,-0.687664622525681,GSE199219,CID4513,CD8A,661,0.0692067814387041,0.5275577863506752,True,True
0.5765067723428166,0.11595397934306728,0.3879436624809462,0.3027417298367333,0.49996004547066747,0.41260190114910567,1.2117250164826372,0.5526144525758496,0.4854038291806222,GSE199219,CID4660,CD8A,319,0.041831632476330115,0.5346751398664864,True,True
0.41768577136354607,-0.7192772897883393,0.5092688610248275,0.40407116083063566,0.5246170606954675,0.38839547275320946,1.3507290828511143,0.39075003323663055,0.7657448439375942,GSE199219,CID4664,CD8A,2223,0.010905292682624758,0.4067804786809213,False,False
0.5340221638246092,-0.4563727069951449,0.7782634638674105,0.6474684132302013,0.2932788195502858,0.6448970301072926,0.4547684449740643,1.2446428885714373,0.46059080746232817,GSE199219,CID3838,CD4,1635,0.012749206853036753,0.5212729569715725,False,False
0.3313348921224849,-9.559201998137475,0.789309676994407,0.6732320870378535,0.4841922567604896,0.24290244050685356,1.9933610207873889,0.16518678413738971,0.12666935345238692,GSE199219,CID4040,CD4,1957,0.005285387293649216,0.3260495048288357,False,False
0.4921366154006171,-1.3237391126809595,0.5889527766644412,0.4964125027922135,0.37472224350732897,0.3863552247284891,0.969890451903853,0.5108653026222224,0.6050738064370869,GSE199219,CID4497,CD4,352,0.021494086649894013,0.4706425287507231,False,False
0.6940627920866415,0.15148217327902525,0.9185838516021952,0.7797158051913544,0.3399220899024447,0.9972138942341022,0.3408717947753001,2.1481633777725535,-0.5035535420323223,GSE199219,CID4513,CD4,661,-0.06841657338395161,0.762479365470593,False,False
0.5124340370011508,-0.23937782156820764,0.34653800504555754,0.2758662482136047,0.36730853879467235,0.31127841812967166,1.1800000173531457,0.4156833926766387,0.48267954314972583,GSE199219,CID4660,CD4,319,0.006174218350222784,0.506259818650928,False,False
0.48672141018887943,-1.2985025259267995,0.47863646603093435,0.3871007466187242,0.46262123219109524,0.315706330647468,1.4653530426277042,0.32977533206895515,0.5041869599313022,GSE199219,CID4664,CD4,2223,-0.0443076748371046,0.531029085025984,False,False
0.0010033729113818957,-8.242543627604467,0.9228056956525917,0.8616006355500554,0.15227109607022837,0.3035390088886719,0.5016524783016485,0.037561664217838776,0.35856833922099407,GSE199219,CID3838,CD14,1635,0.011935934623617547,-0.010932561712235651,False,False
-0.017238944684423985,-12.095920771943172,0.9400853384732637,0.8939950456432859,0.14553376930089648,0.2597761403847309,0.5602276216952011,-0.04499807672347305,1.3969939965588034,GSE199219,CID4040,CD14,1957,0.04995961334303467,-0.06719855802745865,False,False
0.055469724431093825,-15.283087809290695,0.6608900119335466,0.5953291031812822,0.27456233601807517,0.16377997706459513,1.6764096621517248,0.02844463056245437,0.35952219451147244,GSE199219,CID4497,CD14,352,0.09467854170095931,-0.039208817269865484,False,False
-0.06780622436997348,-2.0794230714032755,0.5768504113729775,0.4845998495020751,0.18232146408299144,0.3287218156749696,0.5546375548839919,-0.09700327692297078,0.4732869494658563,GSE199219,CID4513,CD14,661,0.006331332496797679,-0.07413755686677116,False,False
-0.049631998731294834,-1.1240016395365657,0.30149429672467054,0.24162597989874418,0.21604069789845376,0.20687198293140602,1.0443207187223988,-0.015194260418619342,0.8337435216613865,GSE199219,CID4660,CD14,319,-0.007330543561838292,-0.04230145516945654,False,False
0.00814444739263196,-1.591360140832831,0.3513518682551343,0.28172668517218175,0.2344582003826,0.21826212540806386,1.0742046974217625,0.020294886568191412,0.8031491619932364,GSE199219,CID4664,CD14,2223,0.03905435622989299,-0.03090990883726103,False,False
0.018313503385550163,-9.340247008631193,0.8716481269233423,0.8176997410210979,0.15350279567230676,0.27106643530936736,0.5662921545307313,0.030963516218575002,0.24047501259588314,GSE199219,CID3838,CD19,1635,-0.05273170286547755,0.07104520625102771,False,False
0.07144881237443375,-9.24883956893924,0.8853800484666962,0.8337372063640288,0.14645414529675807,0.27656192135630375,0.5295528197754904,0.13116659845387965,1.1626321697103663,GSE199219,CID4040,CD19,1957,0.004146134058380725,0.06730267831605302,False,False
0.004632702366378876,-6.548065279410461,0.49553518969394433,0.42179830560404863,0.25931031083849304,0.18036683184706284,1.4376829053490732,0.006357868893482792,0.5156065503192315,GSE199219,CID4497,CD19,352,-0.01090071083607314,0.015533413202452016,False,False
0.006968312242526534,-100.12254578221489,0.6164102525872378,0.584561162920372,0.18964194899188663,0.06129793670174425,3.0937737743869334,0.00796984830546586,0.007012086823882184,GSE199219,CID4513,CD19,661,-0.019359473782183608,0.026327786024710143,False,False
0.0841755633761164,-0.8705474364851156,0.29789616567703775,0.23620908540820096,0.22132912604593374,0.21781137175656204,1.0161504620305286,0.08631325977043236,0.5882860116553926,GSE199219,CID4660,CD19,319,-0.021318093097533568,0.10549365647364997,False,False
0.06024283128199994,-1.871824899150409,0.3912276711520167,0.31572051718210575,0.23580057820847966,0.23086100723711964,1.0213962982769391,0.05755258976979408,0.6130765923593676,GSE199219,CID4664,CD19,2223,-0.055568893987956794,0.11581172526995673,False,False
0.006029344558111086,-6.720293826103506,0.47302315865889927,0.43314990384647784,0.12564269859348678,0.17024152033846682,0.7380261780069246,0.017924481295968,0.08626055780083479,GSE199219,CID3838,CD56,1635,0.024239971820000056,-0.01821062726188897,False,False
0.010854978411880333,-1.7400582971997638,0.4316662042943627,0.3610555247531095,0.12630664982788306,0.260776316788828,0.4843486225406118,0.024062433026523174,0.5005058301780503,GSE199219,CID4040,CD56,1957,0.02390014869372067,-0.013045170281840338,False,False
0.03367218638746865,-1.199201094708382,0.22850896918719754,0.18137165455019347,0.17095328221020326,0.15408869592771374,1.1094472646481546,0.03133114101018699,0.2999377449171378,GSE199219,CID4497,CD56,352,0.03682747314253578,-0.003155286755067134,False,False
0.02929585317815946,-0.6945675964096834,0.4582861508371695,0.3990346703551194,0.10860771358908244,0.35205237989354754,0.3084987342563141,0.2179029945392731,0.07532997366770014,GSE199219,CID4513,CD56,661,-0.022777683513817867,0.052073536691977326,False,False
-0.07101828911790253,-0.6002231040784451,0.24062658392579597,0.19292636066826319,0.13077249288159512,0.1902187561037387,0.6874847441977612,-0.1306027914084861,0.5165522472409361,GSE199219,CID4660,CD56,319,0.10802071627136689,-0.17903900538926942,False,False
-0.009897499604033211,-1.2005984666944016,0.28327360341747865,0.22615615053721674,0.1481205201240729,0.1909570531759311,0.7756745177021958,-0.014235632324342376,0.4669104862082906,GSE199219,CID4664,CD56,2223,0.03909473612628069,-0.0489922357303139,False,False
0.20902151665723098,-0.06201121453134095,0.5062980446673891,0.37879891307710767,0.1803444861712284,0.49129426975422547,0.36708037783841324,0.6090315392613624,0.27947764742576486,GSE199219,CID3838,HLA-DR,1635,0.1094662860160961,0.09955523064113488,False,False
0.05804928334333335,-1.4998241701779498,0.4072842811876061,0.3310299996078219,0.24036429759648176,0.2575982555978335,0.9330975360785918,0.06529984814235469,0.19370159944343968,GSE199219,CID4040,HLA-DR,1957,0.005683650212965089,0.05236563313036826,False,False
0.14887406424233618,-3.574739766723561,0.6201621943066569,0.5360942860305007,0.23074022231740576,0.2899493173034447,0.7957950184649891,0.2766847916100244,0.6479875316234328,GSE199219,CID4497,HLA-DR,352,-0.05759600802093719,0.20647007226327335,False,False
0.3255830961914435,-1.0002055361077198,0.6772495322552623,0.5646741343565327,0.1705427020890623,0.47886313152921023,0.3561408069659657,0.9481850969894942,0.5325394585714305,GSE199219,CID4513,HLA-DR,661,0.047230747860934424,0.27835234833050904,False,False
0.14886295205498448,-0.5534967864388889,0.2802830089758041,0.22058347683974686,0.22552563420251676,0.224875215015066,1.0028923560446943,0.2340727114149353,0.4009590033611231,GSE199219,CID4660,HLA-DR,319,-0.032685426154847104,0.18154837820983158,False,False
0.1973954872629924,-1.180230743279405,0.38623379525885065,0.30472478491589977,0.290073604174729,0.26157669126361416,1.1089428602122502,0.20728218234735993,0.37611607910298606,GSE199219,CID4664,HLA-DR,2223,0.050964346182736896,0.14643114108025548,False,False
0.17164131231059668,-0.24296807100033901,0.3123622199594595,0.25078327524101784,0.19194599390866307,0.2801744411381821,0.6850945901021546,0.3076454258058466,0.11488450929142652,GSE199219,CID3838,PD-1,1635,0.012713762604113698,0.15892754970648298,False,False
0.03965431362488589,-2.517304641187374,0.3609645461670885,0.2918460953205747,0.23613030887977085,0.19246845280561034,1.2268520136037993,0.04246450519802637,0.18024321723897535,GSE199219,CID4040,PD-1,1957,0.0022759308662195776,0.03737838275866631,False,False
0.12655167155261454,-4.169670376046516,0.6150003167050083,0.5386058080928824,0.21707039185345078,0.27048545283867637,0.8025215018972442,0.22100365667502844,0.7551140578015021,GSE199219,CID4497,PD-1,352,-0.004069348970198828,0.13062102052281338,False,False
0.24272804303200837,0.05683943352400578,0.6148882959001812,0.48470240719054386,0.16061580557421493,0.6331453319050292,0.2536792067801379,0.9851951070306999,0.06139258330110975,GSE199219,CID4513,PD-1,661,0.10184660251462999,0.1408814405173784,False,True
0.18658321996806054,-0.20976253675926526,0.31860380581078607,0.229718138003428,0.18355370956783784,0.2896682486445966,0.6336687242275071,0.26714196401361834,0.6925539235069005,GSE199219,CID4660,PD-1,319,0.10320913793441956,0.08337408203364098,False,False
0.15843592361527487,-0.5620497795580122,0.3424552813062654,0.25799586355931975,0.2531674152656411,0.2740037037510314,0.9239561794233162,0.19108973314210126,0.7779872414173201,GSE199219,CID4664,PD-1,2223,0.08852260473819301,0.06991331887708185,False,False
0.00969316184992776,-0.729881058749491,0.31066641989203186,0.258680099375639,0.12972647024589623,0.23620342514351686,0.5492150258493271,-0.009586013173514681,0.19968149540037217,GSE199219,CID3838,PD-L1,1635,-0.047782249279158105,0.057475411129085864,False,False
-0.017527713823112266,-0.5634213794085716,0.2851617752500346,0.22805917800727632,0.14957870797536546,0.22806218793276803,0.6558680741038088,-0.0411565221811182,0.3321934371261439,GSE199219,CID4040,PD-L1,1957,-0.03936875024209817,0.021841036418985903,False,False
-0.0103745011677023,-8.30083705294018,0.6776345820596922,0.6236999159283857,0.1545375874534841,0.2221951338792479,0.695503923760399,-0.050648503444779266,0.9144175041457442,GSE199219,CID4497,PD-L1,352,-0.06671145977094983,0.056336958603247535,False,False
-0.007188378103821219,-1.159814680416328,0.46653873051690714,0.4000240468415203,0.1098559369732955,0.3174530170225822,0.34605415945843987,-0.08034637362840023,0.3736125327760885,GSE199219,CID4513,PD-L1,661,0.060864545022022085,-0.06805292312584331,False,False
-0.021665584305463836,-0.49735411840035426,0.2573114780447429,0.20800030634928293,0.13333555334327582,0.21027948211678182,0.6340873203655026,-0.011017656089306237,0.6889343198496386,GSE199219,CID4660,PD-L1,319,0.11267415592438665,-0.13433974022985049,False,False
-0.02140588347003906,-1.017052779651468,0.2966855995992777,0.2386173396503328,0.15102891514842798,0.20889970948650777,0.7229733134606513,-0.02666492475030237,0.6981998624368722,GSE199219,CID4664,PD-L1,2223,-0.03908007721008669,0.01767419374004763,False,False
0.0125872569377682,-6.892394563185276,0.8956611931809764,0.823216028038234,0.17062886934862054,0.3188154528704136,0.5351963583081862,0.038219537246626294,0.4792334271758398,GSE199219,CID3838,CTLA4,1635,0.03682006274955776,-0.024232805811789555,False,False
0.05953012807323614,-9.229072404364532,0.8149050768311615,0.7622723319563273,0.1737432637037812,0.2547938241605291,0.681897468575678,0.0939601764827126,1.3529543046144525,GSE199219,CID4040,CTLA4,1957,0.040588301889436844,0.018941826183799297,False,False
0.00626126749223465,-6.192583528433941,0.4859918742813347,0.4001027205118227,0.2886453017036773,0.18121183197505683,1.592861230735796,0.009683868261140113,0.6203103205015298,GSE199219,CID4497,CTLA4,352,-0.0076415170198331425,0.013902784512067792,False,False
0.06147201453668552,-30.278498785029843,0.9196440209254906,0.8900774869889996,0.17949149777238757,0.1644359611563502,1.091558662169537,0.056600580781090565,0.02701933052787641,GSE199219,CID4513,CTLA4,661,-0.0580344171354405,0.11950643167212602,False,False
0.05727509315668067,-1.0274275839647609,0.30190159795375565,0.24110562792727508,0.23184625037831613,0.212027765398948,1.0934711779001114,0.0703602407219047,0.8904472465010708,GSE199219,CID4660,CTLA4,319,-0.0376442406330873,0.09491933378976797,False,False
0.040474267448816506,-3.2805741104843245,0.4747897524844513,0.39142611649962067,0.2621839295039059,0.2294828985075934,1.1424987709715129,0.03482088378845721,0.9626590981760799,GSE199219,CID4664,CTLA4,2223,-0.06888991444258714,0.10936418189140365,False,False
0.08693907845079966,-1.1569860732535564,0.41236209057072615,0.35689318424696553,0.12275656078674353,0.2807728188673086,0.4372095606760193,0.2174391172704158,0.12856280433975734,GSE199219,CID3838,TIGIT,1635,0.026756587024699144,0.06018249142610052,False,False
0.015453661184683219,-1.0547530785476193,0.37626018401198974,0.30563984232262237,0.14086708834250095,0.2624873894497067,0.5366623083791668,0.05064037589034692,0.5304715310371676,GSE199219,CID4040,TIGIT,1957,0.009955698131292752,0.005497963053390467,False,False
0.007274202033408831,-1.360969763745778,0.2378151216831097,0.19349318916729696,0.17352681742101578,0.1547726624527341,1.1211722708072491,0.012029299351945027,0.39565330707447843,GSE199219,CID4497,TIGIT,352,0.03151306806490908,-0.02423886603150025,False,False
0.0539819633058487,-2.2807404117334813,0.4597725278443083,0.4124050122775352,0.1230930661140265,0.25383826097629614,0.4849271565310682,0.13921351262520407,0.08832102542509837,GSE199219,CID4513,TIGIT,661,-0.0925134419530813,0.14649540525893,False,False
-0.07377824273969362,-0.24611011887114542,0.32135829146035494,0.20799344275485268,0.12736050105260685,0.28787987034556184,0.4424084980298461,-0.10241533056022138,0.587927044976963,GSE199219,CID4660,TIGIT,319,0.06308057157173938,-0.13685881431143299,False,False
0.04325499436342045,-0.697642941491651,0.3038908557110415,0.22946434380751135,0.15839132770025804,0.23323539386693654,0.6791050237882083,0.05750008818158178,0.508671680275231,GSE199219,CID4664,TIGIT,2223,-0.019044684738185175,0.06229967910160562,False,False
0.2891959977557363,0.10810188302754165,1.066354644234421,0.6250541938729138,0.2674057188914485,1.1291302466157123,0.23682451133775823,2.1330105778575983,-0.10203760245794824,GSE199219,CID3838,CD103,1635,0.3577173493358076,-0.06852135158007133,False,False
0.2536962523108071,-3.66290252131623,0.6472650753339242,0.5133664893239075,0.5560184540626597,0.2997464208169269,1.8549627800301693,0.22362902211310295,0.13899214177274644,GSE199219,CID4040,CD103,1957,0.2480186656221492,0.005677586688657921,False,False
0.4933033208528958,-2.573037333273997,1.2311744205168187,1.0967810142750136,0.51370060728914,0.6513295871761955,0.7886953355155589,0.6668423899402539,1.1858391115218527,GSE199219,CID4497,CD103,352,0.4386199651780387,0.054683355674857104,False,False
0.2362890576028071,-0.24371404275943287,0.7839482324615007,0.6540088125756901,0.3863338875759828,0.7029543395040707,0.5495860340638037,0.5216937212626312,0.015257760029426137,GSE199219,CID4513,CD103,661,0.38310314317626254,-0.14681408557345543,False,False
0.3424307766128083,-0.7338232950878263,0.40544377701763135,0.31598832086862777,0.43154562582166917,0.30791313972756695,1.401517409109234,0.313672500752393,0.4391548881712411,GSE199219,CID4660,CD103,319,0.2987035695274147,0.04372720708539357,False,False
0.12919515293732733,-2.8967897676809833,0.5290128487931162,0.4201983449499328,0.46331652239705634,0.2679863862261139,1.728880817125286,0.12229520406042575,0.5429561054836345,GSE199219,CID4664,CD103,2223,0.20451472398477216,-0.07531957104744483,False,False
0.42868739059138705,-0.007104568162913383,0.8355680296424611,0.7033741922851952,0.4900204885609813,0.8326155772750032,0.5885314927264845,0.8273764241759592,0.6861720188945941,GSE267552,BC07,CD8A,831,0.02693806120089539,0.4017493293904917,False,False
0.28814091726445606,-0.9699471297691131,0.7513321794695595,0.6043567598835292,0.584716343020744,0.5353091967587607,1.0922964644753692,0.38658978092224616,0.7661107894776401,GSE267552,BC08,CD8A,1378,-0.033206412869167735,0.3213473301336238,False,False
0.5706902309579746,0.17358739456418015,0.5537855631390418,0.44815490188757773,0.5437652166770132,0.6091765307661657,0.8926233845435833,0.6093279884917483,0.6187224957238248,GSE267552,BC09,CD8A,60,0.13714920811336484,0.4335410228446097,True,True
0.2788083187915186,-0.24767855281418694,0.5874660318615991,0.4673917084962039,0.510271907489004,0.5259341910213736,0.9702200697354298,0.3793388755553335,1.092353102645304,GSE267552,BC10,CD8A,998,-0.010634317672193062,0.28944263646371166,False,False
0.29267214423234966,-0.13189285734013168,0.5654590935301549,0.4321309717803084,0.44118520632823766,0.5314942041233318,0.83008469877098,0.4071135937336756,1.1449187907444494,GSE267552,BC12,CD8A,498,0.005462671968260781,0.2872094722640889,False,False
-0.03489631425176231,-0.46289286124477846,0.28597561716281683,0.224940096959402,0.1638128701916217,0.23644097720654791,0.6928277497708004,0.019559407220474945,0.40637856183651866,GSE267552,BC07,CD4,831,0.043284497923182216,-0.07818081217494452,False,False
0.046779141437486696,-0.9471867108018461,0.2926925137841881,0.2298884418249184,0.21303575490511115,0.20975282375405133,1.0156514276771276,0.0429537825456192,0.40269364832460686,GSE267552,BC08,CD4,1378,-0.015618976040790435,0.06239811747827713,False,False
0.19502910573020968,-0.3189646131086803,0.20290367333747492,0.16555937852017463,0.1362233066877266,0.17667428303098015,0.7710420800962843,0.2506365447116631,0.29414281614607407,GSE267552,BC09,CD4,60,-0.0022784106696304533,0.19730751639984012,False,False
0.02932558536975415,-0.43361923011381176,0.27991638750250486,0.22226489829996185,0.1633026189068823,0.23378218628028533,0.6985246459757891,0.06399665101607437,0.3924936409450319,GSE267552,BC10,CD4,998,-0.023236474789389713,0.05256206015914386,False,False
0.027139209158869124,-0.4769746518527802,0.24769640489286274,0.19113179543425515,0.13688195893903302,0.20381361040197474,0.6716036219027047,0.027586189315445854,0.40727478371593795,GSE267552,BC12,CD4,498,0.00463786655515098,0.022501342603718145,False,False
0.06230663382554819,-0.5086032931273798,0.17148353890725906,0.13603651200334543,0.1061316417320323,0.13961591013494778,0.7601686772621344,0.059977170029705894,0.1386337829820398,GSE267552,BC07,CD14,831,-0.017641516633372403,0.07994815045892059,False,False
0.01873169568557128,-0.763888710575505,0.1936873289444123,0.15180916855947438,0.12292610936391421,0.1458362940848231,0.8429047798788443,0.017549174517979632,0.18157833926033898,GSE267552,BC08,CD14,1378,-0.013363082531906713,0.03209477821747799,False,False
0.065035419493835,-0.13791902698786962,0.1835693968355552,0.14872016364556215,0.08382731228275533,0.17208562809572608,0.487125585154181,0.21608168672240244,0.14419292523649085,GSE267552,BC09,CD14,60,0.05095930758073865,0.01407611191309635,False,False
0.008562422593070124,-0.6632438667259695,0.18461552704388398,0.15192521301491935,0.10420120899074715,0.14314963965800193,0.7279180669940472,-0.011406196038578113,0.14472701465855792,GSE267552,BC10,CD14,998,0.010957546401228112,-0.0023951238081579874,False,False
-0.01735160484524834,-0.6376729164263155,0.14981600316881866,0.11914432033591645,0.09222463094528909,0.11706973176169418,0.78777519652151,-0.013338052068818175,0.15617833001662712,GSE267552,BC12,CD14,498,-0.023954674093991633,0.006603069248743293,False,False
0.016482640852138523,-0.5817472292379688,0.19121286974020424,0.1556826345144011,0.11967600521908396,0.1520367503195159,0.7871518232767829,0.04647736306760618,0.16874581342961892,GSE267552,BC07,CD19,831,0.0019710443611279317,0.014511596491010591,False,False
0.02865623182741893,-0.5814412545562828,0.22021467976904888,0.17436486389006955,0.15171299009336528,0.17511354267954107,0.8663692583217338,0.11893679118499627,0.1724184435803774,GSE267552,BC08,CD19,1378,0.012023853503245375,0.016632378324173552,False,False
0.20812724514812286,-0.19830035363738951,0.15411281049979375,0.12691632978511355,0.10093083672813506,0.14078484169922117,0.7169155110020159,0.3227569424100822,0.1355426956628325,GSE267552,BC09,CD19,60,-0.01889676272235962,0.2270240078704825,False,False
0.08051614007439883,-0.38339541056353976,0.203763198179072,0.16045684535653598,0.11895898148199059,0.17324175842589026,0.6866645926644708,0.09559176473153207,0.176544837759217,GSE267552,BC10,CD19,998,-0.06011171201846946,0.1406278520928683,False,False
0.032722640294437326,-0.3406075603169745,0.18905383130314068,0.1384539423403205,0.16988338352063442,0.1632806238123759,1.0404381092752664,0.34270541463986676,0.1326209349449231,GSE267552,BC12,CD19,498,-0.02300965050917305,0.055732290803610376,False,False
0.13813162125624212,-0.6193969342140908,0.35192003802149363,0.2585815315948935,0.2821542760189984,0.27654597348528837,1.0202798198904472,0.21816011000842653,0.2056281794932571,GSE267552,BC07,CD56,831,-0.10845358349931067,0.2465852047555528,False,False
0.048529641738073837,-1.1973818240677963,0.3375596578504084,0.25659624373292006,0.26883239653728885,0.22771821667842318,1.1805484886478181,0.0710168217498236,0.2356375369663368,GSE267552,BC08,CD56,1378,0.0027485787840991183,0.045781062953974716,False,False
0.10266946602179476,0.05117756487206859,0.4288440509098267,0.2942935410357298,0.18296132733998763,0.44025765618281054,0.4155778434981165,0.6490228159349335,0.10728805631656405,GSE267552,BC09,CD56,60,-0.15140527099642578,0.25407473701822053,False,False
0.08949067103469041,-0.4379263928662196,0.2900679327351215,0.21574064553762398,0.20379132961158222,0.24189750682881667,0.8424697396976439,0.19149494874091436,0.1911376347300648,GSE267552,BC10,CD56,998,-0.12266186204959809,0.2121525330842885,False,False
0.0389349949050349,-0.06457512148426758,0.4304444748597638,0.2516931346998754,0.15954637544167016,0.41718528472500555,0.3824352902256314,0.3294667363898732,0.22107905880893478,GSE267552,BC12,CD56,498,-0.06784911287871406,0.10678410778374897,False,False
0.12344999422960891,-0.2449372245350756,0.37336898923898443,0.2758303074272473,0.2057559062735722,0.33462972588118733,0.6148763554455628,0.22895241304010952,0.3840713397052546,GSE267552,BC07,HLA-DR,831,-0.09181539541444389,0.21526538964405278,False,False
0.12725967656805737,-0.6843822757476092,0.36771038023069447,0.29107878314089564,0.2749370075312778,0.28332543125568344,0.9703929728890606,0.1477612156326618,0.41813638105209916,GSE267552,BC08,HLA-DR,1378,0.12027761065963138,0.006982065908425983,False,False
0.018702237223747097,-0.7869430481128046,0.28755418771758956,0.2276949573368357,0.1824124943018427,0.21511185286182039,0.8479890432584275,-0.04031157330105906,0.42336892703837115,GSE267552,BC09,HLA-DR,60,-0.19794715023376616,0.21664938745751325,False,False
0.15861279284799126,-0.4106605529657956,0.344915870502349,0.27200138586721295,0.24397293077702814,0.2904035471828657,0.8401169102228616,0.2114384968442509,0.36467552304352946,GSE267552,BC10,HLA-DR,998,0.09876000595251991,0.059852786895471355,False,False
0.08728544300655926,-0.6385193869582015,0.3381781578782739,0.2622397576314918,0.1982261598231194,0.2641920604420371,0.7503108136234458,0.1004136321088002,0.337648266965838,GSE267552,BC12,HLA-DR,498,0.11159181675847817,-0.024306373751918908,False,False
0.3363773617101006,-0.18706384903939388,0.5359442813085487,0.43190509315054737,0.39715142672489084,0.4919065456893207,0.8073717054696901,0.4590630311637215,0.6899429233534893,GSE267552,BC07,PD-1,831,0.007748628899434058,0.3286287328106665,False,False
0.4633328849641703,0.020433513259229374,0.5628064225146596,0.4459633923568258,0.5004049160385782,0.5686461269894711,0.8799935360288552,0.5421566645716538,0.8508119444841628,GSE267552,BC08,PD-1,1378,-0.004294368471695524,0.4676272534358658,True,True
0.3518755209780495,-0.37991113244494734,0.4825319857040637,0.39971928425072234,0.4327996672044501,0.41077173053168925,1.0536257367181734,0.3458274982190563,0.8858300719916531,GSE267552,BC09,PD-1,60,-0.0685569880603134,0.42043250903836293,False,False
0.6654217649427727,0.45511421694892884,0.5163820533813441,0.4133605719385014,0.5965342877558373,0.6995494216080583,0.8527407347211873,0.8239797051642319,0.3867421644746283,GSE267552,BC10,PD-1,998,-0.04418373049181237,0.7096054954345851,True,True
0.301367759397003,-0.08901559524073477,0.4950148025000662,0.38387047618635106,0.36132727348381655,0.47435243724018505,0.7617274522421417,0.4282560538745817,0.789799756370636,GSE267552,BC12,PD-1,498,-0.05305441356317479,0.3544221729601778,False,False
0.041248978473687144,-0.5843655274859823,0.32726739060906146,0.2526712227626195,0.19715683297753694,0.2600010138690664,0.7582925544929718,0.023310234835444903,0.6011527469249911,GSE267552,BC07,PD-L1,831,-0.05310822798252347,0.09435720645621062,False,False
-0.04388686611598618,-0.8834641541738106,0.3762397547465234,0.29120026140918337,0.2386219282302695,0.2741485814685596,0.8704109536223721,-0.0502474496716763,0.7417074515097068,GSE267552,BC08,PD-L1,1378,-0.050449895389685064,0.006563029273698881,False,False
-0.006557377049180329,-0.3571471901040495,0.32851930860039325,0.26421838291122635,0.15616671735657014,0.281998906466866,0.5537848331157244,-0.005213473226720529,0.7152867205053955,GSE267552,BC09,PD-L1,60,-0.1956763368588011,0.18911895980962076,False,False
-0.008689919708729496,-0.49218844536408946,0.343951779281124,0.26362506247881706,0.19292632777907526,0.2815695741783379,0.6851817293898431,-0.02103195778746646,0.6779832626156176,GSE267552,BC10,PD-L1,998,0.05119543227451142,-0.059885351983240916,False,False
0.0261145791619602,-0.8033567934825283,0.2893510498655581,0.23002998090139642,0.17438658690536374,0.21546872031463782,0.8093359753133357,0.008987951274917404,0.5627859647565197,GSE267552,BC12,PD-L1,498,-0.06127833829122617,0.08739291745318636,False,False
-0.009235292804547107,-0.6023119177254681,0.28610534831110035,0.22701689761763577,0.1668269709933821,0.2260229010658347,0.7380976450027498,-0.008995016899413144,0.8008239198938872,GSE267552,BC07,CTLA4,831,-0.049907677084344036,0.04067238427979693,False,False
-0.01623979020216703,-0.9503742342709403,0.3035720975892702,0.24364262407693071,0.2064446940832949,0.21737163698766915,0.9497315148572301,-0.01434049650749809,0.8495891241370025,GSE267552,BC08,CTLA4,1378,-0.014253888166690445,-0.0019859020354765847,False,False
0.05857182550708532,-0.23387284418553267,0.2567960276217445,0.20072336376556577,0.1329807316292219,0.23118151117897298,0.5752221747796806,0.20434313846027616,0.6681282739615864,GSE267552,BC09,CTLA4,60,0.2326757432620173,-0.17410391775493197,False,False
0.038429639022956576,-0.40175860461162705,0.2803472518734586,0.22032796765600532,0.15932875041199235,0.23678799922961985,0.6728751073971737,0.06881987782683964,0.7127163497963942,GSE267552,BC10,CTLA4,998,0.08576282809202007,-0.047333189069063496,False,False
-0.004123589838035869,-0.532114732007164,0.23684527455749196,0.1901496539196697,0.13624397154068693,0.1913458643333305,0.7120298733153995,-0.018927604005429217,0.824020846465387,GSE267552,BC12,CTLA4,498,0.05734486597009199,-0.061468455808127855,False,False
0.3364630997937094,-0.06897581895687566,0.3858906927993543,0.3072215223011331,0.29554678070094226,0.3732332817215939,0.7918553761810545,0.4470401567990008,0.45371305089840713,GSE267552,BC07,TIGIT,831,-0.02573365762185246,0.3621967574155619,False,False
0.26184657724910393,-0.3920381725238882,0.3982365212008262,0.31784641575137157,0.3229028261706862,0.33753243553514806,0.9566571747652429,0.2892509582152845,0.6348362215481836,GSE267552,BC08,TIGIT,1378,0.03320569022137149,0.22864088702773244,False,False
0.367940649391571,0.08211565697010936,0.3351998710040835,0.2652191491495298,0.23852683297607682,0.34987254321484984,0.681753505960604,0.6447583394093708,0.19234533304879237,GSE267552,BC09,TIGIT,60,-0.08853137561879351,0.45647202501036455,True,True
0.32757894933567616,-0.09931481590782476,0.3845139093097273,0.30510518125770125,0.28207570554960976,0.36673386364043986,0.7691564197250346,0.42745676409807926,0.5235747117136176,GSE267552,BC10,TIGIT,998,0.010876086029460429,0.3167028633062157,False,False
0.35971976339092493,-0.040773520119998574,0.31114868903042653,0.24607898610360493,0.24351938587316393,0.3049929905933552,0.7984425655140595,0.4923735867603965,0.44061468447425045,GSE267552,BC12,TIGIT,498,-0.06075040641039375,0.4204701698013187,False,False
0.5494689581413426,0.2631682497916724,0.885611219189267,0.7083516171510634,0.8860874805382998,1.0317130976574242,0.8588506655098423,0.6853022423107703,0.23353706315987566,GSE267552,BC07,CD103,831,0.022836173229230126,0.5266327849121124,True,True
0.29141192621464357,-0.234204585613089,0.969472335036556,0.7675335810099674,0.8620867544744631,0.8726535156862333,0.9878912294263082,0.3830650730187576,0.4619564463239475,GSE267552,BC08,CD103,1378,-0.011855853324466073,0.30326777953910966,False,False
0.44409644229928746,-0.10415462493056116,0.8454581170705668,0.6991582751868763,0.7862842538460713,0.8045946678366631,0.9772426853886274,0.6272959389743143,-0.07624440901301421,GSE267552,BC09,CD103,60,0.19685822999365643,0.24723821230563103,False,False
0.5376542397679749,0.28493808205581916,1.0559542652605385,0.8581088995795436,0.9514735638021127,1.2487436247857766,0.7619446817719202,0.7880940826341915,0.47414203899848983,GSE267552,BC10,CD103,998,-0.027658902878063746,0.5653131426460386,True,True
0.614788931355051,0.3603996829179541,0.9625216675323328,0.7897132086888233,0.800386446075823,1.2035279474518419,0.6650335355904561,0.9504174024014198,0.2949471677396023,GSE267552,BC12,CD103,498,0.042343953283611444,0.5724449780714396,True,True
