feature,donor,cell_type,concentration,rep,residual,frac_donor,frac_cell_type,frac_concentration,frac_rep,frac_residual,converged,error
CD230,0.0016089002702808664,0.010241049345380573,0.0015362547003046536,0.0123643533357112,0.18497691343078354,0.007634981153697229,0.04859854907751015,0.007290244088315822,0.05867461547466131,0.8778016102058155,True,
Hu.B7.H4,0.21295874446048077,0.0020065640520519706,0.0003051219035117627,0.1332568858699532,0.2673115734111794,0.34580268966969224,0.003258261349877801,0.000495457348693582,0.21638270674247098,0.43406088488926536,True,
Hu.C5L2,0.12617033727060423,8.618399416469967e-05,0.05774290511555243,0.056140605694092446,0.1799519658671926,0.3003397776887484,0.000205155048386995,0.13745299933939426,0.13363883618153588,0.4283632317419344,False,
Hu.CCR10,0.1995826350520886,0.000133516161103707,0.01991055652274603,0.11329549353781636,0.26368886282887655,0.33452721054089546,0.00022379095718670592,0.033372757765888404,0.18989841180405406,0.4419778289319754,True,
Hu.CD10,0.24623307805689706,0.07829991421790268,0.005289140084830514,0.15079322572459203,0.31184767412858216,0.31071869355134124,0.09880576258461526,0.006674305134539313,0.1902842398888062,0.39351699884069796,False,
Hu.CD101,0.19055770053049936,0.011539279568171626,0.005622866525186936,0.11429803921014516,0.24332311535971962,0.33706683245711005,0.020411184654582512,0.009945973338771117,0.20217539320304703,0.4304006163464894,True,
Hu.CD102,2.5376881434858945e-05,0.011695911988944931,0.0034190390938375337,0.00363963456138524,0.18146440030743333,0.00012672956719395008,0.05840819598350942,0.01707433380628215,0.018175965155233727,0.9062147754877807,True,
Hu.CD103,0.15141095420223005,0.0002602993919028799,0.04558774314971048,0.07188847272509426,0.21050903733814727,0.3156653814833511,0.0005426787465797286,0.09504247832094062,0.14987490361307115,0.43887455783605744,True,
Hu.CD105_43A3,0.1978175075686997,0.0013050649551704567,0.09184103913969824,0.09063251265905252,0.2814382265188662,0.29835182342761046,0.0019683217822939933,0.13851626091942082,0.13669354015222088,0.4244700537184538,True,
Hu.CD106,0.002142536913113297,0.0009821382016753843,0.0015277383906031957,0.001803725536247007,0.2724111084427005,0.007682999464587957,0.0035218843752188546,0.005478371534789112,0.0064680436749686805,0.9768487009504354,True,
Hu.CD107a,0.2087916944703271,0.0008712440943153631,0.00016535652759424758,0.13402351569353835,0.26094129910682173,0.3452282955197782,0.0014405655092037746,0.0002734100717906867,0.22160225290486382,0.43145547599436346,True,
Hu.CD109,0.0032224074956260754,0.004884720820217372,0.00018915631890696011,0.007312610563625358,0.25477863936114525,0.011917736891516052,0.018065628758274308,0.0006995748499098087,0.027044924891001645,0.9422721346092982,True,
Hu.CD110,0.1758248273876845,0.01001859020751387,0.06412849058254334,0.08018683801847737,0.24738265630722683,0.3044367496867646,0.01734696450174253,0.11103704479811856,0.13884171363454578,0.42833752737882863,True,
Hu.CD112,0.13000992681781012,0.0010488273247195577,0.0034885610019843643,0.07956299678882928,0.16576697945640376,0.3422419022263227,0.0027609634702893578,0.009183389165542842,0.20944394043075112,0.43636980470709397,True,
Hu.CD115,0.24536860308616315,0.0004140143157696345,0.0007520456965803826,0.15312316054988243,0.3085197755857807,0.34647891058896085,0.0005846193330844549,0.0010619450507805461,0.21622141213654583,0.43565311289062825,False,
Hu.CD116,0.20000096382050042,0.0013675462610722936,0.09776223126688116,0.08908142167398071,0.2847114708357619,0.297211977343994,0.002032245848212359,0.1452798302035597,0.132379689450397,0.4230962571538369,True,
Hu.CD117,0.10488731649116739,0.1060226715158678,2.6336571367519094e-05,7.488626447478805e-06,0.2698593503828218,0.21815022120178235,0.22051159298691908,5.47762023257086e-05,1.5575243705968863e-05,0.561267834365267,True,
Hu.CD119,0.18236306622078816,0.0003514689689230952,0.004790429067871596,0.1072077393180037,0.234576477796464,0.3445433472644524,0.0006640395860954484,0.009050683891655597,0.20255040739751054,0.44319152186028593,False,
Hu.CD11a,0.004445272104058751,0.5145994226404975,0.035340830986480345,0.009718410735022751,0.27372121165165286,0.0053057277094697595,0.6142086135712385,0.042181630696904136,0.01159956914262657,0.3267044588797611,True,
Hu.CD11b,0.007918307380123807,0.002076098333152137,0.0005750510001191982,0.013048559341706213,0.010380953083011183,0.23289845489013533,0.06106356709576966,0.016913777526112436,0.3837927935020505,0.30533140698593203,True,
Hu.CD11c,6.492797614942313e-08,0.0022323153833078697,0.00023768237672937558,0.010388030514411698,0.009613158757967812,2.889379562111762e-06,0.09934094403117708,0.0105771755462627,0.46228089706444936,0.42779809397854873,True,
Hu.CD122,0.07265006916594798,0.0030505107060908275,6.463893449466638e-05,0.0037248192571564245,0.22998795354557064,0.23475035749124998,0.009856955223951204,0.00020886439826802916,0.01203581307280581,0.743148009813725,True,
Hu.CD123,8.203494275597588e-08,0.0021272987174895857,0.0002403792145506054,0.010174556542594559,0.010882462695684854,3.5020583134267832e-06,0.0908140349520003,0.010261749425437675,0.43435015772993296,0.4645705558343157,True,
Hu.CD124,0.1775318870483481,0.0009731290935382125,0.0003034165400063528,0.11555960101667477,0.22265139584062338,0.34337565844784357,0.00188219056758765,0.0005868571327711649,0.22351113790766194,0.43064415594413574,True,
Hu.CD126,0.09831951725668768,0.0005980153741987327,7.092939332466418e-06,0.004070100362509177,0.2954350377633879,0.24676750136487388,0.001500930474297702,1.780223261100602e-05,0.010215352198470442,0.7414984137297469,True,
Hu.CD127,0.1293573448574834,0.004717720238210577,0.00014220641500053893,0.02695998570004876,0.22719002061403976,0.3330799277992845,0.012147573978513808,0.0003661647701037707,0.06941878793458009,0.5849875455175179,True,
Hu.CD13,0.22062005253716585,0.0008909000230765886,0.0017837811228947032,0.13437189444248543,0.27971605353793816,0.34613436932636815,0.0013977474580127449,0.002798603059372522,0.21081823888245046,0.43885104127379615,True,
Hu.CD131,0.17273399196991585,8.533188132506928e-06,0.005722118750760317,0.10021276680239058,0.2232709988726984,0.3441269833150939,1.7000129833224738e-05,0.01139981448592258,0.19964754323151337,0.44480865883763704,False,
Hu.CD133_S16016B,0.0004059437102221439,0.009961648475511007,0.0007488107910678794,0.0018352304961035694,0.20164425409157455,0.0018916658414536063,0.0464205003579943,0.0034893995386695653,0.00855203012943173,0.9396464041324508,True,
Hu.CD134,0.12252016724715661,0.0017460644135187,0.027641809808973055,0.06802731504183217,0.16731946504651357,0.31638125706023873,0.004508825497624475,0.07137886546580673,0.17566550822568544,0.4320655437506446,True,
Hu.CD135,0.20761564233376995,0.0007025837734002034,0.001679927434347888,0.13154341947481607,0.2618401907715467,0.3440867039640219,0.0011644100229174263,0.0027841866214214383,0.21801026708036247,0.4339544323112767,True,
Hu.CD137,0.22509517195615059,5.602181363096649e-06,0.0011129130404034504,0.1384652776969486,0.2842840926680787,0.34685359873702076,8.632511971185556e-06,0.0017149096970435864,0.21336388271652243,0.43805897633744195,True,
Hu.CD137L,3.156789241971921e-05,0.0009951756616775605,0.0005709527835619746,0.004616627224864166,0.2715451193301343,0.00011365191437224643,0.0035828688714001837,0.002055565699642563,0.016620955085398473,0.9776269584291865,True,
Hu.CD138_DL.101,0.0010333379576484135,0.004801315595203021,0.0019654149722329235,0.010269550082495716,0.11308616888497676,0.007878706516912616,0.036607729532907564,0.014985346890196989,0.0783003958790497,0.8622278211809332,True,
Hu.CD140a,0.20064105559170292,0.0001877554794139228,0.016590812712517885,0.10995899586003548,0.2651646353569561,0.3386099730246543,0.00031686375269552995,0.027999327597612006,0.18557125565444035,0.44750257997059784,True,
Hu.CD140b,0.2386566732352844,0.0022678969211763766,0.17080660172735543,0.22461204736667953,0.24736298568476836,0.2700633671037392,0.002566347173427974,0.19328437525214376,0.2541704993269041,0.279915411143785,True,
Hu.CD141,0.21907530753086296,8.310431762800724e-05,0.024437627736732796,0.12081791615790682,0.289486548857364,0.3350285035560703,0.0001270901567491226,0.0373720888190217,0.18476498382842116,0.4427073336397377,True,
Hu.CD142,3.458800237965777e-05,0.00025812654094091263,0.00022787638723988275,0.001067572721851984,0.26639237090833756,0.00012906908494809656,0.000963228696308151,0.0008503467896031986,0.003983769655515669,0.9940735857736249,True,
Hu.CD144,0.0013633119716741078,0.005282805009136843,0.00018939012785110958,0.013219932665637391,0.09370465836605982,0.011984096304066376,0.04643811930101205,0.0016648203627377027,0.11620887184297607,0.8237040921892078,True,
Hu.CD146,0.12727090286206819,8.946512570923486e-06,0.011687006592349312,0.0699270076620942,0.16861710634951652,0.33713166764209024,2.369868237585429e-05,0.030958058233411977,0.18523172363986753,0.44665485180225445,True,
Hu.CD14_M5E2,2.660953235565487e-06,0.0001293046828745702,0.0002772952133814321,0.0022084136447230417,0.1686757449643321,1.5534474377221726e-05,0.0007548724480093771,0.0016188316764178907,0.01289257726130852,0.9847181841398871,True,
Hu.CD150,0.13340275434009957,0.02609251697143487,0.11255388793081246,0.027290039914551017,0.2348483834444119,0.2497301672391448,0.04884523306283775,0.21070105632690625,0.0510869979074727,0.4396365454636385,True,
Hu.CD151,0.2192666616598996,0.004008154866153603,0.003199218878263975,0.13801382565591472,0.2761995459251204,0.3422365716404858,0.006256022550861904,0.0049934162016971205,0.2154152308148458,0.4310987587921094,True,
Hu.CD152,0.004301928469716044,0.0014036175577346963,0.00022595037881368627,0.00138141714366847,0.29623807018200227,0.01417201294104539,0.004623992781964515,0.0007443572609641821,0.004550857080695197,0.9759087799353307,True,
Hu.CD154,0.2112084448044247,0.0004621561673779067,0.004590936608566467,0.1277659736448746,0.2698105728335518,0.3440784309241302,0.000752895884729172,0.0074790677342964134,0.20814279361760282,0.4395468118392414,True,
Hu.CD155,0.2173500918913735,0.03659253934384212,7.084571542859002e-05,0.13660774202087245,0.27177338175164484,0.3281278133216728,0.05524281040922231,0.00010695394459925404,0.20623317562029123,0.41028924670421446,False,
Hu.CD158,0.0007265432218917091,0.004435814567355915,5.1014752937541596e-05,0.0009660324227980014,0.29025790197264867,0.0024509169557547232,0.01496375275156975,0.00017209289027940978,0.003258808524398204,0.979154428877998,True,
Hu.CD158b,6.351612913366804e-05,0.006727099484561608,0.0014067184551995434,0.006503354067862463,0.21597989588291527,0.0002753423284564398,0.029161966591813023,0.00609812248038863,0.02819203053217454,0.9362725380671674,True,
Hu.CD158e1,3.456455394234693e-07,0.00021733973940856255,0.0002325312556251277,0.0007108943763507175,0.19993706646474213,1.7187900146682416e-06,0.0010807643417274496,0.0011563071258879382,0.0035350612584021525,0.9942261484839677,True,
Hu.CD158f,0.22421611706432207,1.0751479868517218e-05,0.002492982871567865,0.13555223959641458,0.28526009705642946,0.34626250431363514,1.660377671816703e-05,0.00384997520973235,0.20933668178060294,0.44053423491931143,False,
Hu.CD15_W6D3,5.043596644279209e-06,0.0021542449579113948,0.0010283652616467132,0.00076214017112846,0.3003040596542487,1.6576935949743864e-05,0.007080419630277425,0.003379958049301026,0.0025049482923765517,0.9870180970920952,True,
Hu.CD16,2.5660753870954054e-05,0.002291097855976588,0.000219215112949876,0.01017002424804229,0.010872875718228984,0.001088294301472531,0.09716740019854107,0.009297098573945263,0.43131934044657844,0.4611278664794627,True,
Hu.CD161,0.10818528913074742,0.009707642133374397,0.0004455545764045759,2.648950811974845e-05,0.2823727566277635,0.2699653177083809,0.02422442749650003,0.0011118358488658724,6.610185666596479e-05,0.7046323170895872,False,
Hu.CD162,6.440891611079312e-09,0.001936232450710412,0.000209776685754539,0.01017081038613448,0.011427408478064323,2.712612877426341e-07,0.08154537285572637,0.008834847308759877,0.4283486339039129,0.48127087467031304,True,
Hu.CD163,0.21316547274249303,0.00041559290279797597,0.0012238858245512143,0.13329773587858082,0.26927031869778695,0.3452782526201635,0.0006731633853892036,0.001982409034028299,0.21591118266127035,0.43615499229914856,True,
Hu.CD164,0.004646844568352324,0.014988457201269345,0.009893398952087665,0.0028328534672486384,0.2902935065197782,0.01440189581451219,0.0464535010495297,0.030662463283098886,0.008779820347544098,0.8997023195053151,True,
Hu.CD169,0.08426689215267126,0.005277852800307417,0.02958877464481608,0.04833908348409622,0.11724337167376525,0.2959682617913844,0.018537255610040427,0.10392383030214311,0.16978001858020403,0.411790633716228,True,
Hu.CD171,0.2094625847489588,0.00410402795951099,0.009222511119213794,0.12405505078000734,0.27020324786066297,0.3394594598759569,0.006651073823619239,0.014946195030393768,0.2010462182691796,0.4378970530008505,True,
Hu.CD172a,0.1633766812152961,0.011485469066684437,0.027171288497976,0.08546202748320175,0.21995240592367862,0.3219575648454834,0.022633790968889133,0.05354498459296291,0.16841538248038124,0.4334482771122833,True,
Hu.CD177,0.0002193904229098647,0.0005287679585068202,0.0003899120070611828,0.006724458261207728,0.16633412727889899,0.0012594410710146367,0.0030354656103363962,0.0022383438131041685,0.038602682843490145,0.9548640666620547,True,
Hu.CD178,0.15524544547843883,0.001134113164939856,0.04285715607106781,0.07966699099155453,0.21454406882139493,0.3146137311635999,0.002298344877583171,0.08685246602259912,0.16144969154609382,0.43478576639012395,True,
Hu.CD179a,0.16223752279861797,0.0011212891489135151,0.0017022804137147294,0.10535064653544797,0.2056551426709196,0.34078724876722194,0.0023553185326004727,0.003575716941513315,0.22129379424282733,0.431987921515837,True,
Hu.CD18,0.0004320472067354862,0.02137867646836715,0.003560918961038211,0.005644294549574158,0.1271983406547241,0.002730772548677375,0.13512482413204066,0.022506938119892305,0.03567500118583794,0.8039624640135518,True,
Hu.CD183,0.09516898338023462,0.003249420988656058,0.00013669616531774098,0.0023971545266573465,0.2746773514613545,0.2533585791103102,0.008650598707436655,0.0003639121170009658,0.006381697515410153,0.7312452125498421,True,
Hu.CD184,0.1884998061387774,0.0013479617445011317,0.03808324494565167,0.10130518239025686,0.2544018019512983,0.32297384175231325,0.002309585309791578,0.06525148316299093,0.17357537185959604,0.4358897179153082,True,
Hu.CD185,0.2033611816061065,0.00573800980600074,0.0007678179590446682,0.1252873143655165,0.25654126476071565,0.3436922389814397,0.00969757070620125,0.0012976570621297827,0.21174285697090406,0.4335696762793253,True,
Hu.CD186,0.17733567190205923,0.0003662350133379319,0.0006214209211850389,0.11074733461056088,0.2232841754197073,0.34611885903211637,0.0007148073683908655,0.0012128721644793607,0.21615358424573253,0.4357998771892808,True,
Hu.CD19,0.0003372259983550533,0.07527809139854968,2.7761243474972555e-05,0.0017747614986275884,0.20537528418769457,0.001192483017958622,0.26619491395973016,9.816802845213759e-05,0.006275829735440324,0.7262386052584187,True,
Hu.CD192,0.21154384733068504,0.003884496818664869,0.036914822368973595,0.12687522637202148,0.27720219281933245,0.32226875868309063,0.005917695001087167,0.0562365397621767,0.1932834361598404,0.4222935703938051,True,
Hu.CD193,0.19165758010057568,5.562679172483301e-07,0.008029474555162336,0.10973369299640472,0.2488460365791203,0.34330788530312945,9.964185201142838e-07,0.014382848453901498,0.1965611903757172,0.44574707944873176,True,
Hu.CD194,2.8646940753009136e-08,0.0022029125800514834,0.0002359109917452912,0.010396752872831407,0.008733425656699352,1.3281515097895213e-06,0.10213312808357644,0.010937486922736748,0.48202225654790404,0.404905800294273,True,
Hu.CD195,0.0011859713130762306,0.002992651863130424,8.991627787789958e-05,0.0015740510177465487,0.17819389852556716,0.006444218315276579,0.01626118754728434,0.000488578533353626,0.00855292896708544,0.9682530866369999,True,
Hu.CD196,0.00025356704790557117,0.022237552793304232,0.0003295011303472655,0.0004494125718320094,0.2992091372390944,0.000786305196984662,0.06895810585020314,0.0010217749244012984,0.0013936173636936824,0.9278401966647172,False,
Hu.CD197,0.17158775079843533,0.0016935976817746415,0.001328923867868901,0.11027377819302342,0.21670520122740886,0.3420881731286079,0.0033764632631248155,0.00264942652415968,0.21984876630473726,0.4320371707793704,True,
Hu.CD198,0.19831522825177023,0.0004215824388896938,0.008696176617260748,0.11791189145713563,0.25658879468057827,0.3407866519865468,0.0007244510124212272,0.014943587240399079,0.20262084295445262,0.44092446680618036,True,
Hu.CD199,0.11458927489594978,1.3801015287578984e-06,0.00028770898254919475,0.002439581444185912,0.2706578038419332,0.29535164275781284,3.5571850337768527e-06,0.0007415643454349764,0.006287974051987428,0.697615261659731,True,
Hu.CD1a,0.1652213249263432,0.00037268921403255144,0.0010566224996390204,0.10143024389456562,0.20905439793882888,0.34627773795089645,0.0007810975856259629,0.0022145134667461105,0.21258173199661723,0.4381449190001143,False,
Hu.CD1c,0.03184854266507766,0.0027225630323602654,0.01687006803012933,0.01998064082449442,0.04596894783699103,0.2713036530040263,0.02319231068060734,0.1437086503810163,0.1702062446640837,0.39158914127026634,True,
Hu.CD1d,0.0007031295666330667,0.0007627477627562291,0.00010504026132428434,0.00233871143464006,0.14652787610604207,0.004673898081591665,0.00507019683748429,0.0006982318753062255,0.015546066338958317,0.9740116068666596,True,
Hu.CD2,0.024530783001025985,0.013023862204979126,0.013681142951726117,0.018600061813032955,0.1436610711698192,0.1148999379942953,0.06100257622171131,0.06408121896389017,0.0871209838233929,0.6728952829967102,True,
Hu.CD200,4.6457656238444484e-11,0.0032452009853512565,0.0002749154845269129,0.009379736044345896,0.13075794123296436,3.2339112979263427e-10,0.02258980107972945,0.0019136830468231252,0.06529221837987574,0.9102042971701806,True,
Hu.CD201,0.16776539694169784,0.0035344469651653666,0.02133992850868199,0.09349479040724705,0.2244794661334137,0.32855618417818017,0.006921954283924515,0.04179267959461462,0.1831026667997519,0.43962651514352874,False,
Hu.CD202b,0.2151477532888795,0.0006804514653181382,0.0004278059417768991,0.13599020490987307,0.27018822761145916,0.34565528246926763,0.0010932098516286256,0.0006873108428344828,0.21848116920868343,0.43408302762758577,False,
Hu.CD203c,0.13751364212270198,0.0021446480368234595,0.04670988301851964,0.07046851920008129,0.1922067328627974,0.3062368456879694,0.004776037051812525,0.10402085943794531,0.15693029947442846,0.42803595834784436,False,
Hu.CD204,0.10044759966587022,0.009339875751395296,0.024003195463054957,0.055361760307903705,0.1377462232526433,0.3072744359797912,0.028571166092348603,0.07342702436053276,0.16935450652923403,0.4213728670380934,False,
Hu.CD205,0.0006459077396825674,0.004488865102688625,0.00015073343176839435,0.007422275706833669,0.20489847045847895,0.002968240721218651,0.02062838292726735,0.0006926888822293152,0.03410874284919216,0.9416019446200926,True,
Hu.CD206,0.22390753566055915,0.00028160389951169425,0.0030674135250616207,0.13812185633811788,0.2842587878339801,0.3446655096196727,0.000433478718122402,0.004721733204336585,0.21261383572441453,0.4375654427334538,True,
Hu.CD207,4.508953296651825e-08,0.0011413918123726777,0.00031286732757935897,0.004720519280823718,0.2220821927630441,1.9753843146937733e-07,0.00500046759134793,0.0013706800022509702,0.02068071929570211,0.9729479355722676,True,
Hu.CD209,0.19623253548769748,0.0003656284150914021,0.011936434285059378,0.11001701641155405,0.2569346174939838,0.34098563014076444,0.0006353382491209109,0.020741476718981546,0.19117228228268232,0.4464652726084507,True,
Hu.CD20_2H7,0.007775041144433627,0.0015372480887137243,0.003938470031707248,0.009346568075353905,0.008301885022195301,0.2516258684280834,0.049750397216731315,0.12746182606581027,0.30248564156690977,0.26867626672246525,True,
Hu.CD21,8.980887842190663e-06,0.0021799104378119258,0.000234876208715788,0.01030281698173604,0.008967311242325155,0.00041398225298931555,0.10048496877121423,0.010826834024244164,0.47491778777133475,0.41335642718021753,True,
Hu.CD218a,0.20404127207527453,0.00563748849166762,0.028508861104577052,0.11393545840022101,0.2702246342426408,0.3278573494883961,0.00905842242528077,0.045808573645979046,0.18307363517152106,0.43420201926882296,True,
Hu.CD22,0.0001953590159865404,0.002325771625446145,0.00024725660173636875,0.011361968759893041,0.008943681024496964,0.008466616212551294,0.10079604287140134,0.010715792881889355,0.49241356188874047,0.3876079861454176,True,
Hu.CD223,4.3294877286121314e-07,0.00034839426914161066,0.00021542580977298176,0.013282563011478413,0.11600262372465323,3.3342367410186457e-06,0.0026830633214536695,0.0016590430437344668,0.10229203172256912,0.8933625276755016,True,
Hu.CD226_TX25,0.2004612002536093,0.005209258949956512,0.003120533034957033,0.11902034458468243,0.2565213398932378,0.34306005507011267,0.00891488557379513,0.005340336351703504,0.20368592982596279,0.4389987931784259,True,
Hu.CD23,0.1826224697237804,0.00013838700625264184,0.00021797430733990815,0.11970501774137574,0.22850455094842348,0.3437998077849188,0.00026052339682816844,0.00041035216027282155,0.22535322270376834,0.4301760939542119,True,
Hu.CD235a,5.475622836563642e-05,0.0004037898243932828,0.00023599232423148286,0.004854598884039288,0.251115137970084,0.0002133379424009481,0.0015732217661756382,0.0009194591807487944,0.0189141978550305,0.9783797832556441,True,
Hu.CD235ab,5.76428484055126e-07,0.0022879665575985058,0.0002512970727303583,0.010286885156109746,0.00802494827809043,2.764423125310655e-05,0.10972580010737026,0.01205165009007848,0.4933361899972508,0.3848587155740474,True,
Hu.CD24,0.0023715681546925818,0.07159096573250098,0.001713389713614678,0.005594414787421962,0.24985083144925774,0.007162236579003787,0.21620775792631244,0.00517450972541441,0.01689537032672258,0.7545601254425467,True,
Hu.CD243,0.0004976625198705528,0.0001552427986844912,0.00029333549064629896,1.7900665758393718e-05,0.2549066193193442,0.0019449761212482842,0.000606723481036162,0.0011464205200144503,6.995979416649397e-05,0.9962319200835347,True,
Hu.CD244,0.00019606427903177024,0.0022382329529865687,0.00024133456821315974,0.01050743925762988,0.009006720420606025,0.008835787358435867,0.10086768752011535,0.010875927718714557,0.47352582235061197,0.4058947750521222,True,
Hu.CD25,0.10342836339666174,7.172161045108366e-05,3.9097644269632085e-05,0.0001833206736639002,0.2758124683609324,0.2725133943183416,0.00018897233667949047,0.00010301460256995991,0.00048301391792579485,0.7267116048244832,True,
Hu.CD252,0.00045742281080376633,0.0003600573649225701,0.00018571358453456997,0.0027619411715455195,0.14361975104679894,0.0031035937488879737,0.0024429734604865566,0.0012600585419696867,0.018739649952617583,0.9744537242960383,True,
Hu.CD253,0.2527178923195245,0.00010804397291971415,0.18557527094490012,0.2379487925239252,0.2612973628470877,0.2695233862936608,0.00011522879200465759,0.1979158459195842,0.25377215573027023,0.2786733832644801,True,
Hu.CD254,0.2125295063960121,0.0003219208469281295,0.020614284856359973,0.11689545515802309,0.28194896684027776,0.3361159262445204,0.0005091185947660914,0.03260154115002374,0.18487044387616844,0.4459029701345213,True,
Hu.CD257,0.15082659153955916,0.0005042428465256407,0.0007425586896757124,0.09876573936024875,0.19045032542947335,0.3417860745396173,0.0011426578123226955,0.0016827020823644173,0.22381169003669088,0.4315768755290047,True,
Hu.CD26,2.822404648609155e-06,0.002075229822035597,0.0002314540366164333,0.010363877296277258,0.009799423380505384,0.00012559199463307876,0.09234404173757862,0.010299293596635842,0.4611741347624842,0.4360569379086682,True,
Hu.CD267,0.17413046706064053,0.0006141267931788391,0.00129884223037168,0.10660916146893977,0.22066046932091762,0.34596850056391604,0.0012201685861108814,0.002580585158335873,0.21181480967911803,0.4384159360125192,True,
Hu.CD268,0.007882566366031803,0.0012939304489866265,0.004071529757906298,0.00941345679559165,0.008404475099859051,0.25373646121545257,0.04165107122974569,0.13106081249838278,0.30301517351136537,0.2705364815450536,False,
Hu.CD269,0.0005469085739554197,0.0009544590616501798,0.001152492995865962,0.010491229502873718,0.17940574551830557,0.002840333422089152,0.004956919861786327,0.0059853959706775,0.05448550491777253,0.9317318458276744,True,
Hu.CD27,2.8978958898364686e-07,0.0016943820940483454,6.62288064355982e-05,0.00986740750016766,0.0187342845340269,9.5442965498803e-06,0.05580492118823898,0.00218126320887822,0.3249856687067793,0.6170186025995537,True,
Hu.CD270,0.21022761851688887,0.0009006754782374844,0.006688997749110532,0.1226235417534448,0.27132504228581095,0.343640642341564,0.001472255177822698,0.010933917719003022,0.20044194455338002,0.44351124020823024,True,
Hu.CD271,0.0005127329418259726,0.0029099098802580713,0.0001527591717221828,0.010501747440153952,0.08616241168225305,0.005115075685851548,0.029029555275929958,0.001523940947278098,0.10476649461761607,0.8595649334733243,True,
Hu.CD272,0.18690025845955166,0.0007992018588785915,0.0009619085711582966,0.11597300542134233,0.23531899579640264,0.34614147962887815,0.0014801312541483423,0.0017814660013457933,0.21478337175354398,0.43581355136208383,False,
Hu.CD273,0.00039490199636331295,0.0001714233553601551,0.0002060425921854794,0.0008532413262372733,0.3072256589906329,0.0012786154273774157,0.0005550352968452552,0.0006671256146874779,0.002762628533281066,0.9947365951278088,True,
Hu.CD274,0.19527746018284325,0.0007727160763708061,0.012994168303740688,0.11276805758042621,0.2562484689520732,0.33781470074731534,0.0013367382485281708,0.022478892714388524,0.19507990113000578,0.44328976715976226,True,
Hu.CD275_B7.RP1,0.00044139439823294874,0.005732447577257725,0.001844318844548228,0.006664767559870102,0.26455590619988817,0.0015807056310672752,0.020528833626898634,0.006604807842446367,0.023867624178776373,0.9474180287208115,True,
Hu.CD276,0.24149216032722817,0.0003301710273048195,0.0007901541880921494,0.14976539330498234,0.30427161615039766,0.3466480088784385,0.0004739413861281346,0.0011342205711272525,0.2149795476495841,0.4367642815147221,True,
Hu.CD279,0.1871550546650377,0.00013560629847370916,0.0004095960088437808,0.12044063127675625,0.23521252885780983,0.3444444237813807,0.00024957291921663666,0.0007538298204227183,0.22166168001305842,0.43289049346592146,True,
Hu.CD28,0.1940321722679909,0.003685047586410789,0.0032491504614242674,0.1154760439848707,0.24858249324704934,0.3434046352223768,0.006521920604180433,0.0057504552773183825,0.20437336910694098,0.43994961978918334,True,
Hu.CD284,0.0018128190918005643,0.002353244011129997,0.00048332482543741784,0.010155324027344695,0.14876625219860315,0.011082768272309735,0.014386685456655399,0.00295483264976931,0.062085126659545624,0.9094905869617199,True,
Hu.CD29,0.008042095999029128,0.02181838202185961,0.015564480282312197,0.002298927904170276,0.22730347961331568,0.02924107561089916,0.07933167652881794,0.056592478482522975,0.008358906021261672,0.8264758633564983,True,
Hu.CD294,0.0002211013483316596,0.001962956434197448,0.0002027823429447415,0.007535908698795567,0.13624108238531404,0.001512695353576383,0.01342983703938888,0.0013873633529349206,0.051557958192747916,0.932112146061352,True,
Hu.CD30,3.845357285972875e-06,0.00047922480947995013,0.00014399344576053124,0.006665885483422832,0.2583369008950078,1.44763748731695e-05,0.001804107518399248,0.0005420830744942003,0.025094640092782342,0.972544692939451,False,
Hu.CD301,1.1040997200485338e-05,0.00033647025116046396,0.00022874339928070163,0.004031158332585077,0.12982121145756642,8.213278419429605e-05,0.0025029658122862485,0.001701597410799607,0.02998735090420043,0.9657259530885194,True,
Hu.CD303,nan,nan,nan,nan,nan,nan,nan,nan,nan,nan,False,Singular matrix
Hu.CD304,0.0007212690389098914,0.0005644265535550998,0.00030236654558454785,0.002824130881755746,0.17250330928498447,0.004076912591115335,0.0031903736314905103,0.0017091014729937641,0.01596316232870502,0.9750604499756954,True,
Hu.CD305_LAIR1,0.14489705003834769,0.021785242046814625,0.014083326946232134,0.07884092477446768,0.19212423904566125,0.32075974349964326,0.0482261622936046,0.0311763720358661,0.17453077755026808,0.425306944620618,True,
Hu.CD307c,0.18113419028798422,0.00031468070612133297,0.22030826648433666,0.06138711451989978,0.2801822353721933,0.2436805271513108,0.0004233411717030206,0.2963815634549248,0.08258432272076345,0.3769302455012979,False,
Hu.CD307d,0.0012313159097918195,0.00040703205609233086,0.0001645050434271629,0.007079597786717405,0.20889462702869696,0.0056540197990112805,0.0018690307545586773,0.0007553827293043305,0.0325084616683823,0.9592131050487434,True,
Hu.CD307e,0.22018959747035174,2.911641226678683e-05,0.014939975338544879,0.12475593351398072,0.28733669567780523,0.34019180989890196,4.498470908978578e-05,0.02308218602810648,0.19274728372880015,0.4439337356351016,True,
Hu.CD309,0.20065000916741008,0.0022971072000309086,0.0073430044391397924,0.11814103508848864,0.25962285445794736,0.34121017055381897,0.003906286088673937,0.012486955806545198,0.20090167401046544,0.4414949135404965,True,
Hu.CD31,0.007791991661063441,0.002255556950042835,0.0004548755215909156,0.0130794643322839,0.010151860114997335,0.23098505173801304,0.06686351339505588,0.013484286233783465,0.3877263833064432,0.3009407653267044,True,
Hu.CD314,0.20500736573841638,0.006208669573769589,0.008190289702012306,0.11762111962602909,0.26596406675922885,0.33998383370708474,0.01029644606332876,0.01358276119510178,0.19506264582903907,0.44107431320544577,False,
Hu.CD317,0.1618154298526278,0.0006463111188206368,0.001285983694251137,0.09906345985863588,0.20509900071809595,0.3458258335812647,0.0013812717465976365,0.0027483558486440067,0.21171469009017102,0.4383298487333227,True,
Hu.CD319,0.23926375587251195,0.0007290630425058465,0.0036760371439099396,0.1476203525802593,0.30392113492196987,0.3441602359465818,0.0010486941819238217,0.0052876617529591784,0.2123391200195417,0.43716428809899355,False,
Hu.CD32,2.2980605579597684e-06,0.0021945920573230955,0.00023792861222532826,0.010348502006330598,0.008846039381680614,0.00010624727432573575,0.1014635682858144,0.011000261261822072,0.4784469790052776,0.40898294417276015,True,
Hu.CD321,9.205938822302975e-09,0.0022874474687056313,0.00024684248245854153,0.010387796004726202,0.007961520504706016,4.4082111878044947e-07,0.10953311463067833,0.011819911187797443,0.4974136744611731,0.3812328588992323,True,
Hu.CD324,0.0013022380215577448,0.0005071899121269541,0.00032735645468274144,0.008526018461502702,0.2213938154960159,0.005611725409256491,0.0021856300231479506,0.0014106749336267957,0.03674111310539941,0.9540508565285694,True,
Hu.CD325,0.00790053904547553,0.003724939384511501,0.003518006651111551,0.009624973518575157,0.008517325244114343,0.23735475428648972,0.11190781632161152,0.10569096607794305,0.28916169028032085,0.2558847730336348,True,
Hu.CD326,0.00011716334963835012,0.0013386340753028562,0.00025139861557534824,0.007408717818618548,0.23171630954575487,0.00048649365928650555,0.005558367798034771,0.0010438744949536672,0.030762983930779583,0.9621482801169455,True,
Hu.CD328,0.007780961942574345,0.0035674255273559375,0.0034790053787225193,0.009507907030643052,0.00838597394655435,0.2377952027169337,0.10902465308479611,0.10632243100432304,0.2905726433893197,0.2562850698046275,False,
Hu.CD33,1.1400005633124515e-05,0.0022058752495983215,0.00022908460719937312,0.01049812386282634,0.009217174759432758,0.0005144021888524297,0.09953565754666875,0.010336979398795137,0.47370659872224036,0.4159063621434433,True,
Hu.CD335,0.2286611968337053,0.016601686385006177,0.0007825288544157882,0.14347322127360698,0.28636565980446466,0.33831411552354657,0.02456291195583723,0.001157785233870988,0.2122748268119781,0.42369036047476716,False,
Hu.CD337,0.00012463896124401597,0.0026985536773762096,0.001808068544630171,0.004188625360326676,0.2887211969606167,0.00041889664370419355,0.009069516201241412,0.006076702159366462,0.014077468936378455,0.9703574160593095,True,
Hu.CD338,0.23148802120567902,0.0003462102008401955,0.006110809201125893,0.13933138877974763,0.29683683739352956,0.3433963290933265,0.0005135786786891841,0.009064959113335212,0.20668839443717468,0.44033673867747436,True,
Hu.CD34,5.854973995445469e-05,0.0023073466466854036,0.00026882455586918166,0.009798415049048305,0.012478612254744729,0.002350286273591653,0.09262082387284516,0.010791075488212124,0.39332506703951586,0.5009127473258352,True,
Hu.CD340,0.10218331450195353,0.00047170826938217807,0.03753636427600224,0.05656322287077517,0.1435054903342483,0.30030942336808525,0.0013863167295616653,0.11031667905864533,0.1662352501184353,0.4217523307252725,True,
Hu.CD35,9.311003290706316e-07,0.002231284658178388,0.000242410406548966,0.010496900229162043,0.00927156082593765,4.1860211213256956e-05,0.10031362265919881,0.010898235669790472,0.4719174152970106,0.4168288661627869,True,
Hu.CD352,3.610443559310284e-05,0.0018652950776927516,0.000209928311353339,0.01043093464303242,0.012810966241016911,0.0014240567151405804,0.07357228931767246,0.008280141112023211,0.41142431060300216,0.5052992022521615,True,
Hu.CD354,0.00031233169279756194,7.412904778990224e-05,0.00017324300212227497,0.00031789148048288156,0.2998396645002264,0.001038622435854946,0.00024650745972506366,0.0005760992976645672,0.0010571108581371694,0.9970816599486182,True,
Hu.CD357,0.00016811554489256923,0.0028642055427066434,0.00024204158864787672,0.009833649142015973,0.16302062657780134,0.0009545043124362549,0.016262009226834767,0.0013742318730903512,0.05583219873591952,0.925577055851719,True,
Hu.CD36,0.08139907610343192,0.6574762613473875,0.00012414143226062964,0.003924077416611732,0.23902315866495102,0.0828956142557724,0.669564092763487,0.0001264237971050187,0.003996222357903634,0.24341764682573186,True,
Hu.CD365,0.2117871468327193,0.0003348193656387021,0.001968735235629015,0.13005403557213502,0.2681631566262132,0.3458834175341996,0.0005468153671063839,0.0032152700562948426,0.21239973700261802,0.43795476003978107,True,
Hu.CD366,1.073036200709635e-08,0.009633115149454835,0.006802942993524142,0.005020331461768149,0.2777933575334622,3.5857546163192084e-08,0.032190887030510616,0.022733328314043122,0.016776392728020346,0.9282993560698797,True,
Hu.CD37,2.179102057367088e-05,0.024694583831773458,0.002003814735919847,0.00530057183083752,0.2566806685454386,7.547943415571981e-05,0.0855367562079839,0.006940785628134733,0.018360047026744934,0.8890869317029808,True,
Hu.CD370,0.09246512267448198,0.00027160831440119557,0.00024805761175975417,1.1531063413939391e-05,0.245512976650121,0.2731538651413079,0.0008023658946994175,0.0007327940900315083,3.40642444372847e-05,0.7252769106295239,True,
Hu.CD38_HIT2,0.14449490323984082,0.3039727533059839,0.03809765605578507,0.00013208822795865912,0.3278387663574447,0.17739531903027894,0.37318509054760407,0.046772209252972374,0.00016216373597605075,0.4024852174331685,True,
Hu.CD39,0.007818084136497353,0.003558741360634326,0.00349558976991617,0.00955682581335467,0.008424452916201971,0.23796666935856198,0.1083208896083993,0.10639868290845614,0.29089044946794695,0.25642330865663565,True,
Hu.CD3_UCHT1,1.4170263267988193e-05,0.002036111726295275,0.00017636503544578977,0.010242693618499188,0.012283840457059112,0.0005724623114264455,0.08225656807595556,0.007124944253801279,0.41379302227399056,0.49625300308482617,True,
Hu.CD40,0.19776830551669095,0.0025208766132779423,0.001682894247631438,0.1217770766529084,0.24962695594799036,0.3449189849731025,0.004396549793065187,0.002935061683385459,0.21238603204075057,0.43536337150969623,True,
Hu.CD41,0.00021438008090358195,0.002301204573751559,0.0002501108325040985,0.011919435262963967,0.009550886965784048,0.008845515934858971,0.09494978097169687,0.010319799046026394,0.4918066739628051,0.3940782300846127,True,
Hu.CD42b,0.0009666803244977195,0.00018339887642120656,0.00023143479597246373,0.0026115886460887066,0.1561660188347245,0.006035749419568894,0.0011451041609686723,0.001445030378770411,0.016306212359264598,0.9750679036814275,True,
Hu.CD43,0.007814011835428772,0.0021349583818449725,0.00045839420475665937,0.013027356365924152,0.01018548960843269,0.23242007540406256,0.0635022314457137,0.01363448352500249,0.3874858667548387,0.3029573428703825,True,
Hu.CD45RA,0.0034502662948026424,0.195911659262659,0.055825792301057345,0.001146048307551713,0.3888449153503001,0.005347768600619974,0.30365488642960986,0.08652764559710707,0.0017763269934123406,0.6026933723792507,True,
Hu.CD45RB,0.05722028320087885,0.0019597319818500276,0.005395350180592869,0.03554244894641105,0.07677474652457471,0.32347478566086335,0.011078656855930069,0.030500718374734868,0.20092675903823398,0.4340190800702377,True,
Hu.CD45RO,0.00023684893146520565,0.01877506501324138,0.0009620423579514642,0.0020951043287053884,0.3042753573957262,0.0007257636974368134,0.05753144217004157,0.0029479356925038802,0.00641991777083644,0.9323749406691813,True,
Hu.CD45_2D1,9.820351174182808e-06,0.001790124895211513,0.00016151932423593172,0.012209369593895954,0.013167107965910599,0.00035922057071195496,0.06548133311098918,0.0059082473532693055,0.44660894867819834,0.4816422502868313,True,
Hu.CD46,0.0064127418408909,0.0021613202718992327,0.0005168228990965318,0.012644563347859822,0.008401547118820083,0.21278636901451048,0.07171651445600687,0.017149118247839146,0.4195694742315184,0.27877852405012515,True,
Hu.CD47,0.0008837439362707399,0.0018893977386014722,0.0001340002814830601,0.010409835153529643,0.014827333157093104,0.03140044747544035,0.06713249394561714,0.004761185483386454,0.36987352167388515,0.526832351421671,True,
Hu.CD48,1.6945615916930435e-05,0.0016378733949217628,0.00014680757244597711,0.0092354858311675,0.020221017325262266,0.0005421186762623387,0.052398317127745266,0.004696620484604793,0.2954586825274298,0.6469042611839577,True,
Hu.CD49a,5.159914265769289e-09,0.00218970643563787,0.0002463571828832875,0.010431532058694359,0.008865408706351564,2.374229052559804e-07,0.10075486467978183,0.011335622081718568,0.4799856199310058,0.4079236558845886,True,
Hu.CD49b,0.14298082050354535,0.0031733437938827017,0.012465360925743655,0.08003700376182815,0.1881128422370037,0.3350306515534063,0.0074357346329616105,0.029208658742427018,0.18754158371921506,0.4407833713519901,True,
Hu.CD49d,0.0001767607549163138,0.0024893154583175933,0.00023681818854232392,0.013137865912997225,0.00859590982919442,0.007174701527576059,0.10104106779734946,0.009612426807618207,0.5332646756328775,0.34890712823457887,True,
Hu.CD4_RPA.T4,3.394217350629632e-07,0.0021973948530036795,0.0002392695595113688,0.010367990533519245,0.008865037444759541,1.5663185822677045e-05,0.1014024747177906,0.01104149553546253,0.47844833008158366,0.4090920364793405,True,
Hu.CD5,4.550297714618637e-06,0.0017947534326226923,6.1620621786859e-05,0.009786460314611983,0.018780861047974204,0.0001495419012085479,0.05898313854337745,0.0020251125340777984,0.3216242042465424,0.6172180027747938,True,
Hu.CD52,0.005872910242605037,0.05876865802693345,0.04382854175952564,0.0008400519315592243,0.3216113152105754,0.013628724846016009,0.13637904151986727,0.10170888220109114,0.0019494315694677802,0.7463339198635578,True,
Hu.CD54,0.10432420265590005,0.019195254887262817,0.0002970012522984582,1.804533971898164e-06,0.2755327571257901,0.26123434600712947,0.04806612204316392,0.0007437097618027973,4.518666234635288e-06,0.6899513035216691,True,
Hu.CD55,2.107657382413944e-05,0.002081317583096452,0.00021783362793075436,0.011875705310303027,0.01340162006295636,0.0007637116849957105,0.07541674333127489,0.00789322251442913,0.43031732712915666,0.48560899534014357,True,
Hu.CD56,0.11614522122592714,0.008263556242446513,1.2104166267730091e-05,0.07613087231943895,0.1447530434239258,0.33635565479498003,0.023931194426471795,3.505357110483359e-05,0.22047441245392913,0.41920368475351427,True,
Hu.CD57,1.6968529553987187e-07,0.0015042568382809757,7.747329309809862e-05,0.003804611271906702,0.14945597876706507,1.095857446480374e-06,0.00971475490792828,0.0005003361362267162,0.024570847933623338,0.9652129651647752,True,
Hu.CD58,4.454052206833504e-10,0.001715038279245405,0.0007099945069662538,0.006886181957424024,0.24981456831789658,1.718876503354309e-09,0.006618555112635052,0.002739960869031952,0.026574669121028096,0.9640668131784284,True,
Hu.CD59,0.2173940198305868,0.00019140446216676983,0.0008193070760642168,0.13439155118556728,0.2743744495572768,0.34662653835683427,0.0003051871721155063,0.001306354129928287,0.21428224294376053,0.43747967739736143,True,
Hu.CD61,1.7215677682716523e-05,0.002119798483784277,0.000253379280963566,0.013903614050335236,0.012325166008183475,0.0006015434960812371,0.07406917197360592,0.008853480026429194,0.4858146602267905,0.4306611442770932,True,
Hu.CD62E,0.0003051724642178523,0.0010725309645695485,0.0001113994068396431,0.0028393000765428184,0.2466224081192088,0.0012160648653161508,0.004273869290007754,0.00044390933180014236,0.011314169756509751,0.9827519867563661,True,
Hu.CD62L,0.0029694667642897548,0.097821978126756,0.005348227242734692,0.004177371975002978,0.19787473379939619,0.009635126493135894,0.3174061903620945,0.017353568868823308,0.013554456265369783,0.6420506580105766,True,
Hu.CD62P,8.712448330765254e-10,0.002238793588811321,0.0002448802975324311,0.010305123827979603,0.008873321932647147,4.0219738983720885e-08,0.10335062012644398,0.011304539522181824,0.4757209165794358,0.40962388355219936,True,
Hu.CD63,2.300796262352308e-06,0.02191028380236295,0.0011826594252133402,0.0018011819810649457,0.21059251080885386,9.77029449231389e-06,0.09304166938292846,0.0050221443147823,0.007648690445655446,0.8942777255621416,True,
Hu.CD64,0.0001633467760512755,0.002276786139443838,0.00025044293408821853,0.013150826725945985,0.008135721110517554,0.006812609310028822,0.09495659985141501,0.0104450782907693,0.5484739078023321,0.33931180474545475,True,
Hu.CD66b,0.06603526347641776,0.0001789178501865935,0.0003705655225923319,0.008396330841855953,0.22297178716987465,0.22162989943808872,0.0006004904509648039,0.0012437051839232936,0.028180064137913328,0.7483458407891097,False,
Hu.CD69,1.7682576789167285e-05,0.025739000797986848,0.0075287465871398205,0.00011770443407039392,0.25813809655892844,6.065206190990461e-05,0.0882859714685339,0.025823951426973638,0.0004037316906595496,0.885425693351923,True,
Hu.CD7,0.0097896025610401,0.0008879639615222509,0.0002161381854314935,0.013473101677422907,0.012447785386521342,0.2659163687508881,0.024119891564276453,0.005870992316591292,0.3659717799096383,0.338120967458606,True,
Hu.CD70,0.22300100958865368,1.4197274269944149e-06,0.00024309783462546497,0.13996121773937462,0.27950536408097765,0.3469687383759803,2.208963246806271e-06,0.0003782375207068205,0.2177665797575274,0.4348842353825388,True,
Hu.CD71,0.016555579001490444,0.015129276380114375,0.00018308348515330965,0.016804560722112057,0.02065259987363042,0.2388107500725001,0.21823663431306167,0.002640940821907415,0.2424022591010056,0.2979094156915251,True,
Hu.CD72,2.8771197444400035e-06,0.002034504578245621,0.00016738950607261238,0.009992645983842426,0.011365300447365065,0.0001221047499263561,0.08634422436910444,0.0071039983020487075,0.42408715915199874,0.48234251342692175,True,
Hu.CD73,0.14062094422134735,0.0023707379040317327,0.005598392735908595,0.08204083823642448,0.1821153933788756,0.34069582698815454,0.005743813734566291,0.013563762165915719,0.19876819477021312,0.44122840234115035,True,
Hu.CD74,0.1459281400510567,0.001051002124880028,0.00671787478354867,0.09009120803467353,0.1892680179140667,0.3369727199198515,0.0024269414010104897,0.01551270739900715,0.20803581407730887,0.43705181720282194,True,
Hu.CD79b,0.11808254739634012,2.8116230708131047e-07,0.00022417583332960534,0.0753254820180527,0.14836946403245724,0.34526863733836405,8.221073204919997e-07,0.0006554811545360007,0.22024869133230254,0.4338263680674768,True,
Hu.CD8,0.0016408579456536417,0.14681103132339354,0.023069553217360324,0.0003223371985198654,0.60024572964,0.002125217252450843,0.19014768307337454,0.029879376599134307,0.0004174868258496341,0.7774302362491907,True,
Hu.CD80,0.09778809304331863,1.8263891355375626e-07,5.973981958427397e-05,0.0001464933393085862,0.2578093467182899,0.27483708092361914,5.133134751072357e-07,0.00016790098997198228,0.0004117249912265877,0.7245827797817072,True,
Hu.CD81,8.15277745183524e-06,0.0020651990060228855,0.00018650438937968533,0.009977120413856476,0.011886824466044416,0.0003379557572211064,0.08560835838044722,0.007731136107938668,0.4135799491978044,0.49274260055658864,True,
Hu.CD82,0.0740419412069325,0.0765703109130602,1.5418245489983756e-05,0.010354284782909767,0.2617151288753411,0.1751654884914588,0.18114700528371977,3.647587379409992e-05,0.02449575635664521,0.6191552739943821,True,
Hu.CD83,0.24259368271919524,0.00011601185526852512,0.1672284474904958,0.22641808587478457,0.2523483154526081,0.27297450488231956,0.0001305404097808323,0.18817102796859056,0.25477318368431445,0.28395074305499457,True,
Hu.CD84,0.09069877036936054,0.011264285881737973,0.0004491892150435041,0.0010340219848764959,0.24227383428269372,0.2623474015960473,0.03258209697743924,0.0012992857886796759,0.0029909223666518005,0.700780293271182,True,
Hu.CD85g,0.09263036922042574,0.002786704695096436,0.0040343439743704785,0.0024469751209810985,0.26667667198898604,0.2513202275917959,0.0075607520956348356,0.010945786509925767,0.00663901428324249,0.7235342195194009,True,
Hu.CD85j,0.15252483653476728,4.603934745167119e-05,2.6553461921635936e-05,0.09700156509913337,0.1905004687921503,0.34656901286238684,0.00010461123290905532,6.0335138167236486e-05,0.22040827858779713,0.4328577621787398,True,
Hu.CD86,7.696952815388453e-05,0.002012478206661737,0.00022226492661923353,0.013288421547818315,0.011132286476709139,0.002879257702027062,0.07528230347349452,0.008314433220630446,0.4970900953536285,0.41643391025021953,True,
Hu.CD9,0.008622969377854136,0.00213666823837639,0.0008274919312336647,0.0132787188621615,0.011334109391914161,0.23820385164889163,0.05902405329007045,0.022858919774720435,0.3668158657797291,0.3130973095065884,False,
Hu.CD90,0.11038681023000356,0.0005398400234505715,0.04193942146676663,0.05206617202937624,0.15551179463692502,0.3062522846102127,0.0014977082874420421,0.1163548762090855,0.14445008512956206,0.43144504576369774,False,
Hu.CD93,0.18275735483903832,0.00014673921004693975,0.00021234284944754992,0.11589501027083357,0.22803795862919124,0.3467556415553376,0.00027841642250712377,0.0004028898374827293,0.21989401561934319,0.43266903656532935,False,
Hu.CD94,0.00024243210901215412,0.002264320583346639,0.00024876684725640976,0.011698406394533846,0.013263929873647115,0.008746423630069017,0.08169176573570877,0.008974967219016972,0.42205307927330554,0.47853376414189974,True,
Hu.CD95,7.211211486612514e-06,0.006016780830860517,0.00013831326150455048,0.0052428254586547665,0.24103753518148593,2.8565739708248893e-05,0.023834246910525877,0.0005478997022446159,0.020768380967019075,0.9548209066805021,True,
Hu.CD96,0.1974119968515599,0.00212832466468039,0.004198550653138153,0.12177875257106441,0.252056036537685,0.34179535890660556,0.003684940653232983,0.007269290368690065,0.21084540507192975,0.4364050049995417,False,
Hu.CD98,0.10242775718888317,0.017294883542840526,0.03083786630904976,0.0035687714582055127,0.29136335679719905,0.22992020310456054,0.03882192919158434,0.06922194412607459,0.008010842773714716,0.6540250808040659,True,
Hu.CD99,5.282125032472156e-07,0.00230438165047357,0.00023357422026905737,0.010370847564810933,0.010043238271845624,2.301321834942747e-05,0.10039754408831643,0.010176386395256008,0.45183818635569234,0.4375648699423858,True,
Hu.CLEC12A,4.7835010781014345e-09,0.0029589530552086977,0.00022283094086069782,0.010369135642513669,0.00912339257957808,2.1096560825848747e-07,0.13049800154914395,0.009827459889722914,0.45730751853533325,0.4023668090601916,True,
Hu.CLEC1B,0.1101015380951114,0.0007071608518610591,0.07911368606072758,0.10383685975796048,0.11408358746992592,0.2699607039593927,0.0017339053085345742,0.19398081762787567,0.254600183087146,0.27972439001705107,True,
Hu.CX3CR1,0.23751928043605727,0.0006199014956363901,0.00034526237861872935,0.15013641241760808,0.29792611804994584,0.3459621688856864,0.0009029265562446918,0.0005028969485015059,0.2186833791907466,0.4339486284188208,True,
Hu.Cadherin.11,0.13731846752119942,0.00025270067269593174,0.013374675885348707,0.08284554582625278,0.1807355203373058,0.3312655080481199,0.0006096122264967461,0.03226491587123909,0.19985565177837863,0.4360043120757656,True,
Hu.EGFR,0.20249122882133752,0.0010313185228541862,0.023150314546861898,0.10935661493406634,0.27000111143458644,0.3341270766593098,0.0017017598498051856,0.03819991101990571,0.18044735208514429,0.44552390038583506,True,
Hu.FR.b,0.23835774503578452,0.0007161152641521306,0.0036262989422312934,0.14633372650631668,0.3024719272334928,0.3446937691064598,0.0010355882057795436,0.005244061400718558,0.21161604683449067,0.4374105344525514,True,
Hu.FceRIa,0.10205092311330682,0.0008702057611220154,0.00032350221948919064,0.0009430284787506641,0.27951627617207897,0.2659626696693422,0.0022679093959070166,0.0008431037301227862,0.0024576982170388716,0.7284686189875892,True,
Hu.GARP,0.16636715374879313,8.546297683979139e-06,0.00025792348807617547,0.10429020895511744,0.20890325253802564,0.3467231403562602,1.7811203140993663e-05,0.0005375342412387741,0.21734956656124915,0.435371947638111,True,
Hu.GP130,9.502099637946554e-05,0.0005762032947954265,0.0001485424720769394,0.000985824434217961,0.2272690100683117,0.0004148037183276307,0.002515352167422928,0.0006484458392861917,0.004303508240418885,0.9921178900345444,True,
Hu.GPR56,0.06107300772377131,0.004485742647775803,0.01522693786853396,0.03448920578472092,0.08420449681292863,0.3061619923105341,0.022487248577096337,0.07633338865026176,0.1728960853543846,0.4221212851077231,True,
Hu.GPR56,0.06107300772377131,0.004485742647775803,0.01522693786853396,0.03448920578472092,0.08420449681292863,0.3061619923105341,0.022487248577096337,0.07633338865026176,0.1728960853543846,0.4221212851077231,True,
Hu.Galectin.9,0.22092978719129852,0.0003870237427226083,0.0035563951791438017,0.13187987930921016,0.2823175861977534,0.3457047819628655,0.000605603980763899,0.005564948192862412,0.20636196459286307,0.4417627012706452,False,
Hu.HLA.A2,2.5581984045400614e-07,0.002258261448234973,0.0002506279346893153,0.010397665967062621,0.00814860677776858,1.214983436048179e-05,0.10725322355773119,0.01190325147252332,0.49382377461900734,0.38700760051637767,True,
Hu.Galectin.9,0.22092978719129852,0.0003870237427226083,0.0035563951791438017,0.13187987930921016,0.2823175861977534,0.3457047819628655,0.000605603980763899,0.005564948192862412,0.20636196459286307,0.4417627012706452,False,
Hu.HLA.A2,2.5581984045400614e-07,0.002258261448234973,0.0002506279346893153,0.010397665967062621,0.00814860677776858,1.214983436048179e-05,0.10725322355773119,0.01190325147252332,0.49382377461900734,0.38700760051637767,True,
Hu.HLA.ABC,0.0018756994903496819,0.019652731959191937,0.05307522136360359,0.002387318346465497,0.2194297882163307,0.006327827694317419,0.06630012014194653,0.17905365830430892,0.008053816309935749,0.7402645775494913,True,
Hu.HLA.ABC,0.0018756994903496819,0.019652731959191937,0.05307522136360359,0.002387318346465497,0.2194297882163307,0.006327827694317419,0.06630012014194653,0.17905365830430892,0.008053816309935749,0.7402645775494913,True,
Hu.HLA.DR,0.00019098552926412053,0.00217947015642263,0.0002210113106373055,0.01019208386577658,0.009739354230673705,0.008479613463602053,0.09676683125223638,0.009812735512001469,0.45252083706761,0.4324199827045502,True,
Hu.HLA.DR.DP.DQ,0.019891662164207586,0.68179448101233,0.011372976555902714,0.005032289430631721,0.17762583018159403,0.022207524082891304,0.7611715517624195,0.012697061144232894,0.005618167441226761,0.1983056955692295,True,
Hu.HLA.DR,0.00019098552926412053,0.00217947015642263,0.0002210113106373055,0.01019208386577658,0.009739354230673705,0.008479613463602053,0.09676683125223638,0.009812735512001469,0.45252083706761,0.4324199827045502,True,
Hu.HLA.E,0.22832532107499395,0.001025364012752941,0.003663582453953056,0.1380662997307155,0.2910183291676359,0.3448507803028294,0.0015486568823269151,0.005533285848460508,0.2085282130404766,0.4395390639259066,True,
Hu.Ig.LightChain.k,0.3049312963837019,0.0427416739520245,0.18782334170747067,0.27917105683562465,0.32044202494114077,0.2686360434015283,0.03765423331418899,0.16546717235366387,0.24594198440745477,0.28230056652316404,True,
Hu.Ig.LightChain.l,0.238328360827972,0.010320230564094337,1.6597654853435657e-06,0.1491242058693256,0.2990431631417784,0.34202401594019355,0.014810518944105431,2.381922381557804e-06,0.2140075129461164,0.42915557024720313,True,
Hu.IgD,0.007808222632590553,0.003255798964201553,0.003554227037582978,0.009517236517776856,0.00840458763661138,0.23995713480047512,0.10005506088867261,0.10922615510590736,0.29247741944398264,0.2582842297609622,True,
Hu.IgE,0.2661835663347701,0.00011107208783640222,0.19603673364778937,0.251057191969516,0.275139084654274,0.26927275801176653,0.00011236113424154093,0.1983118367065886,0.2539708346055416,0.2783322095418617,True,
Hu.IgM,0.0005984828748588424,0.04854679063457454,0.00020846708908955764,0.0023239958721210305,0.21144342624124296,0.002274552410344016,0.18450355773067342,0.0007922855270969803,0.008832417157816247,0.8035971871740695,True,
Hu.KLRG1,0.17072668415605913,0.01130571766518399,0.0008402672374452046,0.10666515583145941,0.21491656063108133,0.33843829899437833,0.02241177396743676,0.0016656951779237595,0.21144658247196582,0.42603764938829525,False,
Hu.LOX.1,0.16685902542701303,0.00019998127166722892,0.3204255800117288,0.04795880333522926,0.27166461370096484,0.2067369232524666,0.00024777510660148815,0.3970045873963709,0.05942055228371424,0.33659016196084673,True,
Hu.LOX.1,0.16685902542701303,0.00019998127166722892,0.3204255800117288,0.04795880333522926,0.27166461370096484,0.2067369232524666,0.00024777510660148815,0.3970045873963709,0.05942055228371424,0.33659016196084673,True,
Hu.LT.bR,0.00221651936564798,0.0008916059836368024,0.00022225295719451745,0.007203923260494896,0.21159868600154264,0.009978344008740689,0.004013838707147388,0.0010005400801894118,0.0324306774034309,0.9525765998004917,True,
Hu.LT.bR,0.00221651936564798,0.0008916059836368024,0.00022225295719451745,0.007203923260494896,0.21159868600154264,0.009978344008740689,0.004013838707147388,0.0010005400801894118,0.0324306774034309,0.9525765998004917,True,
Hu.MERTK,5.521161763280253e-05,0.002132426955532439,0.00030556276493172376,0.008267957008457442,0.1544996341989489,0.00033408781830451665,0.012903405113135296,0.0018489731304392077,0.050029755280163755,0.9348837786579571,True,
Hu.MERTK,5.521161763280253e-05,0.002132426955532439,0.00030556276493172376,0.008267957008457442,0.1544996341989489,0.00033408781830451665,0.012903405113135296,0.0018489731304392077,0.050029755280163755,0.9348837786579571,True,
Hu.MICA.MICB,0.0011458168262958104,0.0009572359405755393,1.822774291182458e-05,0.0045920307771627165,0.28168994204915043,0.003972967756228847,0.003319088566105757,6.320227910391332e-05,0.015922257200792753,0.9767224841977686,True,
Hu.NKp80,1.6710990780799315e-08,0.001343272061599323,0.00017201879207367078,0.003003736506373239,0.26936634734854226,6.101453857828758e-08,0.00490450423309177,0.0006280685186678914,0.010967129319327801,0.9835002369143738,True,
Hu.Notch.1,0.09744132849942398,1.546606623786386e-06,0.015094867157899039,0.06032062184166141,0.1312129980822898,0.3204554608441259,5.086327803637999e-06,0.04964251499807899,0.19837653045533057,0.43152040737466085,True,
Hu.Notch.3,0.001761465940695274,0.000237965981915855,0.00014530532646611443,0.00054781029200611,0.2633658847059136,0.006620598061180811,0.0008944124788908696,0.0005461406550393387,0.0020589848905730114,0.989879863914316,True,
Hu.Podoplanin,0.26356196368282414,0.00024162304549781206,0.19347955375300055,0.24838987555780664,0.272516817588108,0.26943846135213545,0.00024701038304788636,0.1977934620681517,0.2539280894351041,0.27859297676156086,True,
Hu.TCR.AB,0.18815833713811703,0.008513511078747775,0.0017595628926776656,0.1138657407715896,0.23924568114515918,0.34114909281968275,0.015435811271509984,0.003190256109435819,0.20644949757902445,0.43377534222034697,True,
Hu.TCR.GD,0.11137079292005854,0.00028819133182519106,0.0060602365466997515,0.07227337131528241,0.1453195515039716,0.33214064876514054,0.0008594718005609989,0.018073418043596818,0.2155405722426025,0.43338588914809906,True,
Hu.TCR.Va7.2,0.05436417141536187,0.0003720053693437478,0.0014345173047044192,0.037559062793746184,0.06967393742997113,0.33269854542691585,0.0022766031753901545,0.00877897718735466,0.22985442863839098,0.4263914455719484,True,
Hu.TCR.Vb13.1,0.00029275890411312573,0.0014213838150831943,0.0002333377424387689,0.0062062228536177485,0.21936570429776286,0.0012867425560947087,0.006247307998888624,0.001025572916555978,0.0272777734380085,0.9641626030904522,True,
Hu.TCR.Vd2,0.14821348294166342,0.0026286825105426704,0.0015395492468593085,0.09217067901837864,0.1880315787918646,0.342623611508108,0.006076698809006625,0.0035589604439775664,0.2130700277306165,0.43467070150829135,True,
Hu.TCR.Vg9,0.17067312491565825,0.00014665971478434404,0.2592552052751627,0.05196804902327042,0.2701959106599996,0.22688684893136285,0.00019496426616103651,0.3446447507362583,0.06908449642453739,0.35918893964168036,False,
Hu.TIGIT,0.22733796019726477,0.000604805302335515,0.050206422959067194,0.11413780949605835,0.31044374450559425,0.32350649610309523,0.0008606501264168978,0.07144475106253391,0.16242040172663028,0.4417677009813237,True,
Hu.TIM.4,0.1662312424163896,0.012437531017568408,0.027990525608879272,0.07939157533475076,0.23170782198408932,0.3210592957385494,0.024021867918332832,0.05406094732077016,0.15333701952790038,0.4475208694944472,True,
Hu.TNF.a,0.22234042791387174,0.0005237381128707789,0.015746026638128845,0.12388359429813806,0.29183228118508736,0.33980065709921914,0.0008004237311728785,0.024064495371083044,0.18933006084987414,0.44600436294865076,True,
Hu.TSLPR,0.00034669541043045443,0.0005702409562261244,0.00023089817592222584,0.0053258690094902675,0.26187868499189004,0.0012919408405923762,0.002124970675014926,0.0008604289947819941,0.019846549674432397,0.9758761098151784,True,
Hu.TSPAN33,0.18889563638806195,0.00034972203944531297,0.0032806801233161748,0.11713332819204993,0.23985032515872257,0.3437530569012942,0.0006364256074084674,0.005970195197036973,0.2131597129555737,0.43648060933868665,True,
Hu.VEGFR.3,0.17721449907371817,0.0017312654905496279,0.062119182528302896,0.08571541339272225,0.2479413903749194,0.30834834214726187,0.0030123542182949638,0.10808566482010863,0.1491424559178908,0.43141118289644365,True,
Hu.XCR1,0.0013029284375677477,0.004281420348532481,0.00014491927921798562,0.010234156432229611,0.09140774227063989,0.012134807479374283,0.039874954118511025,0.0013497038691110022,0.09531568614062803,0.8513248483923757,True,
Hu.mast_cell_tryptase,7.896484320622077e-05,9.387955440628974e-06,6.549903865163139e-05,0.00048041912408313894,0.23027522653812746,0.0003419731282659287,4.065642835089073e-05,0.00028365675453332376,0.0020805515982908426,0.9972531620905589,True,
HuMs.CD44,1.2860779195884173e-11,0.002321808541337175,0.00024001201847050974,0.01041916023835992,0.008117564826055353,6.095576167714375e-10,0.1100459046454966,0.011375761277528722,0.4938331019388722,0.3847452315285449,True,
HuMs.CD45R_B220,6.946205619141843e-10,0.00018994697765373314,0.00029950570242148994,0.0007372998413289961,0.21326432034826667,3.2384590667171937e-09,0.0008855705484489476,0.0013963550904215892,0.0034374383468596804,0.9942806327758107,True,
HuMs.CD49f,1.8263761454674583e-09,0.009315245205978605,3.292926178908308e-05,0.0011551330513165433,0.22730146589657899,7.680149162726273e-09,0.03917181728793076,0.00013847182738684473,0.0048574846747330485,0.9558322185298002,True,
HuMs.Mac.2,5.868062512081091e-10,0.0002619126940763918,5.0096135405878814e-05,0.003034527591528502,0.29494277848961736,1.967238585899522e-09,0.0008780491974364551,0.00016794478649809265,0.010173101864101473,0.9887809021847255,True,
HuMs.integrin.b7,1.6477011007082696e-09,0.000511768400828163,6.177966386289375e-05,0.0011903671566356586,0.21690533728324815,7.535129285074758e-09,0.002340376578372467,0.0002825256074631868,0.005443687825480557,0.9919334024535544,True,
HuMsRt.CD278,2.474279331382925e-05,0.003090073725295412,5.797183035795375e-05,0.00027600121407403747,0.23426890441190112,0.00010408477762045501,0.012998921845595281,0.00024386838601953,0.0011610461529343733,0.9854920788378304,True,
