feature,converged,duplicated,mean_clr,sd_clr,cv,donor_mean_sd,donor_mean_cv,specificity,frac_signal_top_cluster,frac_donor,frac_rep,frac_concentration
CD230,True,False,1.1274962766621555,0.4504410260618962,0.39950555526035403,0.061387560503240984,0.05421364989787988,1.4907834439006147,0.019112608255136086,0.0076349811536972,0.0586746154746613,0.0072902440883158
Hu.B7.H4,True,False,-0.08579957674229592,0.5184950705005164,6.043095900785698,0.013296247440345993,0.1527672224925534,,,0.3458026896696922,0.2163827067424709,0.0004954573486935
Hu.C5L2,False,False,-0.4480762395777716,0.4261078042848694,0.9509716576054036,0.005333078749368103,0.011893375592921862,,,0.3003397776887484,0.1336388361815358,0.1374529993393942
Hu.CCR10,True,False,0.550730995640656,0.5193141125154238,0.9429542129026433,0.002446289757162809,0.0044440192958987166,1.6481266707935165,0.02112982911273739,0.3345272105408954,0.189898411804054,0.0333727577658884
Hu.CD10,False,False,0.2861583093554647,0.6143691388573486,2.1469554395996298,0.039911063299795484,0.14033597423681812,8.006889945397061,0.10265243519739824,0.3107186935513412,0.1902842398888062,0.0066743051345393
Hu.CD101,True,False,-0.2797071551766947,0.4983336886174606,1.7816265311577626,0.007980970836309104,0.028566404582748516,,,0.33706683245711,0.202175393203047,0.0099459733387711
Hu.CD102,True,False,-0.4538992277494009,0.44167427461690206,0.9730668122236853,0.04156067732032103,0.09226940173776725,,,0.0001267295671939,0.0181759651552337,0.0170743338062821
Hu.CD103,True,False,-0.36230334103709094,0.4602499446862788,1.270344191054977,0.02063868045598148,0.0567315669565936,,,0.3156653814833511,0.1498749036130711,0.0950424783209406
Hu.CD105_43A3,True,False,0.49050536095672176,0.5365201376727722,1.0938109557585658,0.030187141648730174,0.06186401178927173,3.5280813258522103,0.045231811869900135,0.2983518234276104,0.1366935401522208,0.1385162609194208
Hu.CD106,True,False,0.14264318371421855,0.5244408495541995,3.676592430837083,0.012829177363041927,0.08929979009015912,4.462263400533176,0.057208505135040714,0.0076829994645879,0.0064680436749686,0.0054783715347891
Hu.CD107a,True,False,0.36779947082271813,0.5162563456293369,1.4036353681383515,0.03413897788488038,0.09198658227196484,2.432112809829706,0.031180933459355208,0.3452282955197782,0.2216022529048638,0.0002734100717906
Hu.CD109,True,False,0.649492624946752,0.5119655918350123,0.7882546655198515,0.01753527405526896,0.027078918320368208,1.8233551775805967,0.02337634843052047,0.011917736891516,0.0270449248910016,0.0006995748499098
Hu.CD110,True,False,-0.2564698810878363,0.5038330388043194,1.9644920357403124,0.019275523074511993,0.07476700609280522,,,0.3044367496867646,0.1388417136345457,0.1110370447981185
Hu.CD112,True,False,-0.49149433188513497,0.41064124445985206,0.835495381777508,0.007525540990794185,0.01529294389412678,,,0.3422419022263227,0.2094439404307511,0.0091833891655428
Hu.CD115,False,False,0.06931031470584,0.5567298985760654,8.032424913072225,0.010823998035488367,0.15767366002876868,13.111042366431073,0.16809028674911633,0.3464789105889608,0.2162214121365458,0.0010619450507805
Hu.CD116,True,False,0.14860196180473462,0.5360623122359354,3.6073703585443235,0.015284036530194915,0.10363881689774992,3.991254561449566,0.05116993027499443,0.297211977343994,0.132379689450397,0.1452798302035597
Hu.CD117,True,False,-0.1398627331405471,0.5406290780477966,3.8654262354827726,0.006782585914679098,0.04835240997868906,15.853736940944954,0.20325303770442246,0.2181502212017823,1.5575243705968863e-05,5.47762023257086e-05
Hu.CD119,False,False,-0.25974957113263036,0.48495440756609365,1.8670075390364043,0.002820367165827703,0.010855246196930138,,,0.3445433472644524,0.2025504073975105,0.0090506838916555
Hu.CD11a,True,False,1.1088809620339075,0.8072281217693128,0.7279664359001136,0.2581783805142568,0.2293061261690419,2.5143758486969223,0.0322355878038067,0.0053057277094697,0.0115995691426265,0.0421816306969041
Hu.CD11b,True,False,-0.7834019139338889,0.14557976504983286,0.18583023919203534,0.013547327819378271,0.01726622517099884,,,0.2328984548901353,0.3837927935020505,0.0169137775261124
Hu.CD11c,True,False,-0.7846423581711337,0.14333375005513446,0.18267398970050605,0.013260484874141224,0.01687535832172282,,,2.889379562111762e-06,0.4622808970644493,0.0105771755462627
Hu.CD122,True,False,-0.277263275212766,0.4830807853975408,1.742317964854288,0.003862955364296379,0.013928494285951084,,,0.2347503574912499,0.0120358130728058,0.000208864398268
Hu.CD123,True,False,-0.7828668561278941,0.14722160187895753,0.1880544574426414,0.01364362086951245,0.017401504361762576,,,3.5020583134267832e-06,0.4343501577299329,0.0102617494254376
Hu.CD124,True,False,0.7949105681646417,0.4809807536133587,0.6050753039098331,0.024463643555427687,0.0308735867193289,1.501268556530963,0.019247032776037988,0.3433756584478435,0.2235111379076619,0.0005868571327711
Hu.CD126,True,False,-0.13024735052402545,0.5440440439236377,4.177006608846782,0.008188044717067121,0.06252343672905084,,,0.2467675013648738,0.0102153521984704,1.780223261100602e-05
Hu.CD127,True,False,-0.31049038098162973,0.4805154819927571,1.547601830606105,0.015376677593709148,0.04959607775809436,,,0.3330799277992845,0.06941878793458,0.0003661647701037
Hu.CD13,True,False,-0.13796537220716656,0.5298802754675773,3.8406758666364316,0.01466095953751977,0.10530004820356254,,,0.3461343693263681,0.2108182388824504,0.0027986030593725
Hu.CD131,False,False,-0.3385014150183259,0.4733142787082876,1.3982638113423045,0.016401121909423708,0.04829737291056735,,,0.3441269833150939,0.1996475432315133,0.0113998144859225
Hu.CD133_S16016B,True,False,-0.3969620411895062,0.45452499141980623,1.1450087017333226,0.00839852284527557,0.021169832585646683,,,0.0018916658414536,0.0085520301294317,0.0034893995386695
Hu.CD134,True,False,1.1205567827913223,0.42114723658795095,0.3758374792385509,0.010503431992834577,0.00936825109989789,1.452257915693779,0.018618691226843318,0.3163812570602387,0.1756655082256854,0.0713788654658067
Hu.CD135,True,False,0.6564032747454537,0.5174095862180712,0.7882495504287623,0.012520540668443422,0.019104814344921308,2.9412022315290036,0.0377077209170385,0.3440867039640219,0.2180102670803624,0.0027841866214214
Hu.CD137,True,False,-0.02548664780998263,0.5344067048745201,20.96810490178325,0.02520807971801289,0.9112499977963724,,,0.3468535987370207,0.2133638827165224,0.0017149096970435
Hu.CD137L,True,False,0.5272636263654998,0.5263290558250973,0.9982275080364548,0.01645213038570839,0.031287190590536584,1.7729197981398235,0.02272974100179261,0.0001136519143722,0.0166209550853984,0.0020555656996425
Hu.CD138_DL.101,True,False,1.7631735596394698,0.35665838533265404,0.20228206314844174,0.03485711077952494,0.019730349851509288,1.2692023018811656,0.016271824383091864,0.0078787065169126,0.0783003958790497,0.0149853468901969
Hu.CD140a,True,False,-0.044083220322269995,0.5160967321115736,11.707328283611156,0.00486705381320924,0.11084743589614168,,,0.3386099730246543,0.1855712556544403,0.027999327597612
Hu.CD140b,True,False,0.750397697463269,0.5050514608504825,0.6730450567183465,0.006214478544561991,0.008284190396515203,1.494221570130178,0.019156686796540742,0.2700633671037392,0.2541704993269041,0.1932843752521437
Hu.CD141,True,False,0.23952031465292478,0.5399879655863028,2.2544558125216585,0.018334156271131833,0.0759016591334178,4.795855707729211,0.06148532958627194,0.3350285035560703,0.1847649838284211,0.0373720888190217
Hu.CD142,True,False,-0.00687875416913342,0.5175603120780621,75.24041408551513,0.013268228319970567,2.462402112997469,38.32003211971378,0.4912824630732536,0.000129069084948,0.0039837696555156,0.0008503467896031
Hu.CD144,True,False,1.964424996381923,0.32425231513050773,0.16506220177798364,0.008317687140778697,0.004235466575136365,1.1422114414819071,0.014643736429255217,0.0119840963040663,0.116208871842976,0.0016648203627377
Hu.CD146,True,False,-0.4854962095606084,0.41304002160166614,0.8507584888777654,0.018845673344822456,0.038698334381514175,,,0.3371316676420902,0.1852317236398675,0.0309580582334119
Hu.CD14_M5E2,True,False,-0.48725549030017073,0.4135595578718627,0.8487529973589254,0.020143592359850745,0.04117362537858308,,,1.5534474377221726e-05,0.0128925772613085,0.0016188316764178
Hu.CD150,True,False,0.8662802400233824,0.5502070187328375,0.6351374454968365,0.08920375072012152,0.10209529199006095,1.6125396509124919,0.02067358526810887,0.2497301672391448,0.0510869979074727,0.2107010563269062
Hu.CD151,True,False,-0.11313604578024469,0.5282510562969909,4.669166689129873,0.007260060288671006,0.06419012879025777,,,0.3422365716404858,0.2154152308148458,0.0049934162016971
Hu.CD152,True,False,0.17700633811764857,0.5467081094321354,3.0886357813286995,0.023477834293829228,0.13389020632687829,4.571220478688515,0.05860539075241686,0.0141720129410453,0.0045508570806951,0.0007443572609641
Hu.CD154,True,False,0.2796161011294616,0.5223072416718828,1.867944083198756,0.00896408446670757,0.03212850452315039,3.8226387110148328,0.049008188602754264,0.3440784309241302,0.2081427936176028,0.0074790677342964
Hu.CD155,False,False,-0.07388739890009675,0.5500376651511675,7.4442688921134454,0.03598471441097465,0.48003285137624285,5.382305388457206,0.06900391523663084,0.3281278133216728,0.2062331756202912,0.0001069539445992
Hu.CD158,True,False,0.430435743181611,0.5436319292775446,1.2629804515285652,0.0075419227654218435,0.017536821144928355,1.9919655431968897,0.025538019784575507,0.0024509169557547,0.0032588085243982,0.0001720928902794
Hu.CD158b,True,False,0.9305206008604257,0.47938314488965245,0.5151773581867835,0.03038679041010537,0.032567482403602604,1.682806092125309,0.0215744370785296,0.0002753423284564,0.0281920305321745,0.0060981224803886
Hu.CD158e1,True,False,-0.3959360062327008,0.44825237869282086,1.1321334044809568,0.00903791169680196,0.022818104614739917,,,1.7187900146682416e-06,0.0035350612584021,0.0011563071258879
Hu.CD158f,False,False,-0.01926803167928448,0.5346940439071787,27.750319950015495,0.006195441296070292,0.3110606014193695,,,0.3462625043136351,0.2093366817806029,0.0038499752097323
Hu.CD15_W6D3,True,False,0.04525613990405572,0.5505874537061275,12.16602774503942,0.01018073636918196,0.22036533790854682,10.39538404106745,0.1332741543726596,1.6576935949743864e-05,0.0025049482923765,0.003379958049301
Hu.CD16,True,False,-0.7828032412663,0.1472129780660412,0.1880587231957579,0.012932535521193786,0.016496537365200837,,,0.0010882943014725,0.4313193404465784,0.0092970985739452
Hu.CD161,False,False,-0.11274294530040843,0.5442514375856606,4.827365793358327,0.031305784250725416,0.2850976967868562,,,0.2699653177083809,6.610185666596479e-05,0.0011118358488658
Hu.CD162,True,False,-0.782289945639906,0.14878160687477773,0.19018729270906806,0.012986866199896797,0.016576612815737062,,,2.712612877426341e-07,0.4283486339039129,0.0088348473087598
Hu.CD163,True,False,0.3477206780471677,0.5226758420800185,1.5031485760795578,0.00870159366625943,0.024956301420187205,2.915819361756305,0.03738229950969622,0.3452782526201635,0.2159111826612703,0.0019824090340282
Hu.CD164,True,False,0.21651858005388833,0.5561610782139764,2.5686528984050976,0.044487317700655,0.20207933876871476,3.930407893528942,0.05038984478883259,0.0144018958145121,0.008779820347544,0.0306624632830988
Hu.CD169,True,False,1.7104654937382788,0.35981909465440304,0.2103632584063456,0.013618407693321965,0.007967073927111755,1.3137401965438977,0.016842823032614074,0.2959682617913844,0.169780018580204,0.1039238303021431
Hu.CD171,True,False,0.4791114698310803,0.52517705827368,1.0961479558375862,0.024132118320636012,0.05063218915022309,2.0709296615825945,0.026550380276699932,0.3394594598759569,0.2010462182691796,0.0149461950303937
Hu.CD172a,True,False,-0.3494609835383106,0.47353512570199113,1.3550443340124079,0.011860967132167222,0.033848374339327976,,,0.3219575648454834,0.1684153824803812,0.0535449845929629
Hu.CD177,True,False,-0.5114963945809674,0.4112838563386717,0.804079678167834,0.010802818075762149,0.021092971188291322,,,0.0012594410710146,0.0386026828434901,0.0022383438131041
Hu.CD178,True,False,0.85737414661017,0.47092551024857243,0.5492648829107888,0.0042196900168977635,0.0049202279596464085,1.562369776886763,0.020030381754958502,0.3146137311635999,0.1614496915460938,0.0868524660225991
Hu.CD179a,True,False,0.9836916680622934,0.4648673141937264,0.47257421129675375,0.023302084505951025,0.02365021609967635,1.5750241972134758,0.020192617912993278,0.3407872487672219,0.2212937942428273,0.0035757169415133
Hu.CD18,True,False,-0.5750529231320973,0.3787345289100137,0.6586081274870997,0.02136541019727793,0.03724416424620033,,,0.0027307725486773,0.0356750011858379,0.0225069381198923
Hu.CD183,True,False,0.027058045872891255,0.5297827447013307,19.579490225940745,0.0500647844496613,1.5982676458279699,36.05605189934247,0.4622570756325958,0.2533585791103102,0.0063816975154101,0.0003639121170009
Hu.CD184,True,False,0.5324307443166875,0.5101481861315749,0.958149377317214,0.010199898309452343,0.019130241957289396,2.5475666132897357,0.03266111042679148,0.3229738417523132,0.173575371859596,0.0652514831629909
Hu.CD185,True,False,-0.24656209207058125,0.5151019461855944,2.0891368249671585,0.02293042906013976,0.09242233268557919,,,0.3436922389814397,0.211742856970904,0.0012976570621297
Hu.CD186,True,False,-0.39135635076895087,0.47457415832313987,1.2126394713939859,0.0030541691499895974,0.0078076334086524665,,,0.3461188590321163,0.2161535842457325,0.0012128721644793
Hu.CD19,True,False,-0.36850194975676215,0.4991299002926949,1.3544837432262071,0.031870200143819784,0.08658577522776917,,,0.0011924830179586,0.0062758297354403,9.81680284521376e-05
Hu.CD192,True,False,-0.12363632807223256,0.529157884085536,4.279954705354756,0.011052294578060647,0.08956289564348897,,,0.3222687586830906,0.1932834361598404,0.0562365397621767
Hu.CD193,True,False,-0.21686690307112452,0.4993349957875365,2.302495165081841,0.013479601526324799,0.061730273166600964,,,0.3433078853031294,0.1965611903757172,0.0143828484539014
Hu.CD194,True,False,-0.7856980366103391,0.1402665096448304,0.1785247042871185,0.013651816968110032,0.017348838661821242,,,1.3281515097895211e-06,0.482022256547904,0.0109374869227367
Hu.CD195,True,False,-0.44907005526452215,0.4264233303801338,0.9495697283332588,0.005646449042116136,0.012588795263660617,,,0.0064442183152765,0.0085529289670854,0.0004885785333536
Hu.CD196,False,False,0.022163826601600194,0.5626428077563679,25.385634794478403,0.023188445032772675,0.9762020691002558,,,0.0007863051969846,0.0013936173636936,0.0010217749244012
Hu.CD197,True,False,0.8798839518283006,0.4743153188206759,0.5390657686563116,0.00895907615154297,0.010189136506091555,1.8186578442915315,0.02331612620886579,0.3420881731286079,0.2198487663047372,0.0026494265241596
Hu.CD198,True,False,0.5406526035306491,0.5118384476697564,0.9467048606208011,0.011810980750177622,0.021890655244220632,1.4890389738488685,0.019090243254472672,0.3407866519865468,0.2026208429544526,0.014943587240399
Hu.CD199,True,False,0.1602748989895623,0.5219338757249393,3.2564916840716878,0.006767630821580915,0.042070709745781976,4.11348550786006,0.05273699369051358,0.2953516427578128,0.0062879740519874,0.0007415643454349
Hu.CD1a,False,False,-0.373426536938655,0.45844567099751105,1.2276729842389926,0.014549034648823343,0.03881967923926396,,,0.3462777379508964,0.2125817319966172,0.0022145134667461
Hu.CD1c,True,False,-0.731479496387175,0.2346018362754109,0.32072236806926874,0.009921933719671396,0.013547256111930793,,,0.2713036530040263,0.1702062446640837,0.1437086503810163
Hu.CD1d,True,False,-0.5460891256731165,0.386539547936805,0.7078323478065075,0.010936272534169341,0.01998894341279219,,,0.0046738980815916,0.0155460663389583,0.0006982318753062
Hu.CD2,True,False,-0.5545785497323257,0.4181869414020216,0.7540625969105095,0.05006972319698275,0.09093168453786955,,,0.1148999379942953,0.0871209838233929,0.0640812189638901
Hu.CD200,True,False,1.5987927661177381,0.3757586562523986,0.23502649262345177,0.0032702014657414948,0.0020456534529502825,1.1401099401767865,0.014616794104830595,3.2339112979263427e-10,0.0652922183798757,0.0019136830468231
Hu.CD201,False,False,0.7133461189531167,0.4833243820860275,0.6775454008151589,0.014606170285817283,0.0204495998741193,1.5303350352695464,0.01961967993935316,0.3285561841781801,0.1831026667997519,0.0417926795946146
Hu.CD202b,False,False,0.1994692708251671,0.5226232983118334,2.620069227454627,0.006618684725443295,0.03316317746860796,3.698069115009523,0.047411142500122086,0.3456552824692676,0.2184811692086834,0.0006873108428344
Hu.CD203c,False,False,1.0693336746100635,0.4491006341526308,0.419981755756824,0.00824388770679766,0.007713112553966053,1.289747881027479,0.01653522924394204,0.3062368456879694,0.1569302994744284,0.1040208594379453
Hu.CD204,False,False,1.4890268285846542,0.38749328509800135,0.26023257449721066,0.023212371804618926,0.015611089044658525,1.6546123166674565,0.021212978418813543,0.3072744359797912,0.169354506529234,0.0734270243605327
Hu.CD205,True,False,0.9444964671593619,0.46319333827156733,0.4904129918713758,0.009853958325663997,0.010445330495870968,1.44318289919575,0.018502344861483975,0.0029682407212186,0.0341087428491921,0.0006926888822293
Hu.CD206,True,False,0.43035342861091486,0.5373759189414965,1.2486851113886241,0.02124960463470154,0.04956605052613023,1.9471307184766955,0.024963214339444817,0.3446655096196727,0.2126138357244145,0.0047217332043365
Hu.CD207,True,False,0.6835271644178154,0.47693696974831234,0.697758618202887,0.0070176231342489355,0.010272918067709554,1.4417312062326102,0.01848373341323859,1.9753843146937733e-07,0.0206807192957021,0.0013706800022509
Hu.CD209,True,False,-0.13122356028788834,0.5076253833030799,3.8684012397576497,0.0055532671105617435,0.042180371669024164,,,0.3409856301407644,0.1911722822826823,0.0207414767189815
Hu.CD20_2H7,True,False,-0.7863455678177461,0.1388146070824314,0.17653130222081306,0.01383186784564458,0.017563154896419804,,,0.2516258684280834,0.3024856415669097,0.1274618260658102
Hu.CD21,True,False,-0.7854676847548029,0.14088940769027372,0.17937008794226175,0.013640131976686414,0.017338927227013416,,,0.0004139822529893,0.4749177877713347,0.0108268340242441
Hu.CD218a,True,False,0.3185449455283466,0.5251287517293846,1.6485232589655217,0.011470590163403198,0.03588327365527362,3.106614362622629,0.03982838926439268,0.3278573494883961,0.183073635171521,0.045808573645979
Hu.CD22,True,False,-0.7855477276153813,0.14100628521951422,0.17950059590593523,0.013532079827669219,0.01720062068317089,,,0.0084666162125512,0.4924135618887404,0.0107157928818893
Hu.CD223,True,False,1.537973181737934,0.35921158900522415,0.23356167277202414,0.020932591574248604,0.013593665456226147,1.2360157413467738,0.01584635565829197,3.3342367410186457e-06,0.1022920317225691,0.0016590430437344
Hu.CD226_TX25,True,False,-0.20852280291792272,0.5118022701640214,2.4544187158536968,0.010971464401545108,0.05240604191209202,,,0.3430600550701126,0.2036859298259627,0.0053403363517035
Hu.CD23,True,False,0.841813522148651,0.4857179465442278,0.576989955334143,0.007541121149547507,0.00896563838429231,1.6500286784097113,0.02115421382576553,0.3437998077849188,0.2253532227037683,0.0004103521602728
Hu.CD235a,True,False,0.47983785000639106,0.506197937415139,1.054935406634547,0.009135212425824569,0.01907638107516895,2.4001784679253877,0.030771518819556254,0.0002133379424009,0.0189141978550305,0.0009194591807487
Hu.CD235ab,True,False,-0.7867155248709595,0.13791509539455626,0.17530491141277235,0.013769725171180122,0.017475849528637906,,,2.764423125310655e-05,0.4933361899972508,0.0120516500900784
Hu.CD24,True,False,0.8146253612758784,0.5477580921720986,0.6724049093121673,0.036281053521216126,0.04462789067932126,2.0999597493632427,0.02692256088927234,0.0071622365790037,0.0168953703267225,0.0051745097254144
Hu.CD243,True,False,-0.1877942268114229,0.505669654760417,2.692679446787226,0.021533858387860046,0.11352306020822209,,,0.0019449761212482,6.995979416649397e-05,0.0011464205200144
Hu.CD244,True,False,-0.7853806360363997,0.1411379562921834,0.1797064376382742,0.013624203193118013,0.017320294728969836,,,0.0088357873584358,0.4735258223506119,0.0108759277187145
Hu.CD25,True,False,-0.241384999251634,0.5255909420281984,2.177396870798468,0.01650002590736492,0.06790169807441047,,,0.2725133943183416,0.0004830139179257,0.0001030146025699
Hu.CD252,True,False,-0.5579306054369707,0.38342233487782007,0.6872222658900816,0.011353857966144269,0.020310898049646815,,,0.0031035937488879,0.0187396499526175,0.0012600585419696
Hu.CD253,True,False,-0.08411992922898257,0.5116426057811178,6.082299527242554,0.007417773660708834,0.0885218070541906,,,0.2695233862936608,0.2537721557302702,0.1979158459195842
Hu.CD254,True,False,0.3203218241446561,0.5343536935565923,1.6681776053925077,0.014431107390844593,0.04521124879641502,3.220067781821379,0.04128292027976127,0.3361159262445204,0.1848704438761684,0.0326015411500237
Hu.CD257,True,False,0.9411554492029686,0.44797066883954967,0.47597946674900543,0.02275611668180016,0.02412595981268206,1.4560779913105275,0.01866766655526317,0.3417860745396173,0.2238116900366908,0.0016827020823644
Hu.CD26,True,False,-0.7842490026971589,0.1437953897874029,0.18335425265810645,0.013578734090637385,0.017288470963127436,,,0.000125591994633,0.4611741347624842,0.0102992935966358
Hu.CD267,True,False,-0.3343240655377362,0.4707866210602377,1.4081744917255996,0.009970388575101137,0.02973425348165005,,,0.345968500563916,0.211814809679118,0.0025805851583358
Hu.CD268,False,False,-0.7862240268602139,0.13906152335028704,0.17687264519965043,0.013683622277809112,0.017377676062324855,,,0.2537364612154525,0.3030151735113653,0.1310608124983827
Hu.CD269,True,False,1.162953509953446,0.4361285306527659,0.37501802687729496,0.010797258411149653,0.009278719065245116,1.481829158804576,0.018997809728263794,0.0028403334220891,0.0544855049177725,0.0059853959706775
Hu.CD27,True,False,-0.771133738689419,0.1700923870577144,0.2205744328432511,0.008936311773549963,0.011576591560233837,,,9.5442965498803e-06,0.3249856687067793,0.0021812632088782
Hu.CD270,True,False,-0.07759353527632289,0.5214027335731197,6.719667195421911,0.007673607106588439,0.09797156053588353,,,0.343640642341564,0.20044194455338,0.010933917719003
Hu.CD271,True,False,1.9855656239973207,0.31221780677630234,0.1572437611745859,0.019272923215398866,0.009714866796969328,1.2855618234774733,0.016481561839454786,0.0051150756858515,0.104766494617616,0.001523940947278
Hu.CD272,False,False,-0.2942618471520751,0.48629322903957484,1.6525867479797935,0.012095624164549698,0.040952507304010344,,,0.3461414796288781,0.2147833717535439,0.0017814660013457
Hu.CD273,True,False,-0.018994511215910462,0.5555644357111709,29.24868291666336,0.02701875586790215,1.257746790153367,,,0.0012786154273774,0.002762628533281,0.0006671256146874
Hu.CD274,True,False,0.6821141413028979,0.5127986025228108,0.7517782896911072,0.006208578460887757,0.009096351137499115,1.911353290594423,0.024504529366595168,0.3378147007473153,0.1950799011300057,0.0224788927143885
Hu.CD275_B7.RP1,True,False,0.6371995087921543,0.5249626016313841,0.8238590808496993,0.030047040189245065,0.046953670762026035,2.333026463774472,0.02991059568941631,0.0015807056310672,0.0238676241787763,0.0066048078424463
Hu.CD276,True,False,0.06984969253909783,0.5532172950066195,7.920110667587555,0.020805794676681845,0.30464757166291395,13.242445027518658,0.16977493625023918,0.3466480088784385,0.2149795476495841,0.0011342205711272
Hu.CD279,True,False,0.6497699400342629,0.492259943750552,0.7575911309849063,0.022713403851861186,0.03487971694576049,1.7455034939743808,0.02237824992274847,0.3444444237813807,0.2216616800130584,0.0007538298204227
Hu.CD28,True,False,-0.24695036612320784,0.5092411383788734,2.0621193901158428,0.01687322686780478,0.06826108177947032,,,0.3434046352223768,0.2043733691069409,0.0057504552773183
Hu.CD284,True,False,1.2571607166083973,0.3994488604584961,0.3177388978046818,0.006100007675060558,0.004852465162751615,1.3087794874046974,0.016779224197496122,0.0110827682723097,0.0620851266595456,0.0029548326497693
Hu.CD29,True,False,-0.32353669508586613,0.5097984260474343,1.575705117195855,0.06363536831858066,0.19970302249897162,,,0.0292410756108991,0.0083589060212616,0.0565924784825229
Hu.CD294,True,False,1.6556845301495144,0.3834184747229469,0.23157701104347625,0.017932387287289506,0.010838256012311533,1.1386160574116169,0.014597641761687395,0.0015126953535763,0.0515579581927479,0.0013873633529349
Hu.CD30,False,False,0.43606245989383274,0.5139867730600725,1.1786998889682267,0.008659219145105345,0.019817006789287748,2.023566794224549,0.025943164028519858,1.44763748731695e-05,0.0250946400927823,0.0005420830744942
Hu.CD301,True,False,-0.5787705614103661,0.36613598681167714,0.6326098997147774,0.014463887368738798,0.024939121289083734,,,8.213278419429605e-05,0.0299873509042004,0.0017015974107996
Hu.CD303,False,False,0.6532589644378446,0.49229105922324956,0.7535925046920492,0.016304366026023094,0.025024575857202414,2.144054327312281,0.027487875991183085,,,
Hu.CD304,True,False,-0.47776107229733333,0.41833433034566914,0.8756140979299374,0.013777263921146797,0.02876817498660237,,,0.0040769125911153,0.015963162328705,0.0017091014729937
Hu.CD305_LAIR1,True,False,-0.4293579341428107,0.4509845301853103,1.0503696201298245,0.01315220430766841,0.03072595438989911,,,0.3207597434996432,0.174530777550268,0.0311763720358661
Hu.CD307c,False,False,0.21349589142439965,0.5319667347232979,2.4916954194018808,0.010157315685749353,0.04743448512243392,2.856987533254418,0.036628045298133564,0.2436805271513108,0.0825843227207634,0.2963815634549248
Hu.CD307d,True,False,0.9002109244732497,0.4655759835095917,0.5171854404922038,0.00979345106765754,0.01089175697731338,1.3898686476929174,0.017818828816575864,0.0056540197990112,0.0325084616683823,0.0007553827293043
Hu.CD307e,True,False,-0.03850174916635102,0.536999571206943,13.94740713952443,0.015628221087301598,0.39249377704694083,,,0.3401918098989019,0.1927472837288001,0.0230821860281064
Hu.CD309,True,False,0.40274679672773817,0.5145739460837611,1.2776611763634198,0.023321391161257466,0.05822622058989669,2.722244847395684,0.034900574966611336,0.3412101705538189,0.2009016740104654,0.0124869558065451
Hu.CD31,True,False,-0.7836757901486266,0.14527475373750812,0.1853760899133509,0.012779264905538634,0.01628401168055188,,,0.230985051738013,0.3877263833064432,0.0134842862337834
Hu.CD314,False,False,-0.15660569465246266,0.5206076027394917,3.324321020987247,0.01273995095323422,0.08143624398419161,,,0.3399838337070847,0.195062645829039,0.0135827611951017
Hu.CD317,True,False,-0.37677266880154536,0.4538383547497974,1.2045416038094956,0.00811537002020651,0.02152441228377495,,,0.3458258335812647,0.211714690090171,0.002748355848644
Hu.CD319,False,False,0.419718240084373,0.5553799538768174,1.3232209154531223,0.008963146796617437,0.021371010398211283,2.7631943829432353,0.03542556901209276,0.3441602359465818,0.2123391200195417,0.0052876617529591
Hu.CD32,True,False,-0.7855276371129888,0.1405068260988193,0.17886936049152533,0.013421019253652458,0.017060197897368297,,,0.0001062472743257,0.4784469790052776,0.011000261261822
Hu.CD321,True,False,-0.7868243357689634,0.13767670313788963,0.1749776880036866,0.013681237438498774,0.017361448296181928,,,4.4082111878044957e-07,0.4974136744611731,0.0118199111877974
Hu.CD324,True,False,0.7259642721192773,0.4789557413845608,0.6597511196885285,0.019993222599960683,0.027465363784026,2.0246945504639995,0.02595762244184615,0.0056117254092564,0.0367411131053994,0.0014106749336267
Hu.CD325,True,False,-0.7859936750046776,0.13958833630146017,0.17759473229937817,0.01355497218936074,0.017219526621734718,,,0.2373547542864897,0.2891616902803208,0.105690966077943
Hu.CD326,True,False,0.7660408150399428,0.48882417847371235,0.638117667983819,0.0230303102247487,0.030144035103326826,1.9180719960787433,0.024590666616394145,0.0004864936592865,0.0307629839307795,0.0010438744949536
Hu.CD328,False,False,-0.7860281672438068,0.13900420150561363,0.1768437917346261,0.013554778001883936,0.01721865018898958,,,0.2377952027169337,0.2905726433893197,0.106322431004323
Hu.CD33,True,False,-0.7848640679276846,0.14164006538920584,0.18046445388076576,0.013759806884894882,0.017503991915536823,,,0.0005144021888524,0.4737065987222403,0.0103369793987951
Hu.CD335,False,False,-0.10040965535675074,0.5427559505646761,5.405415929735939,0.016883483649373265,0.16511952201931882,,,0.3383141155235465,0.2122748268119781,0.0011577852338709
Hu.CD337,True,False,0.2519568391741941,0.5423392965613278,2.152508732602307,0.02317700439678233,0.0914591713363503,4.689114582325258,0.0601168536195546,0.0004188966437041,0.0140774689363784,0.0060767021593664
Hu.CD338,True,False,0.3675829643747192,0.5487149927701094,1.4927650243626134,0.018782475441140437,0.051318248018356244,1.8477903852805662,0.023689620324109824,0.3433963290933265,0.2066883944371746,0.0090649591133352
Hu.CD34,True,False,-0.7800016797374213,0.15218593727884278,0.19510975582780082,0.01311319484358882,0.016785953146646524,,,0.0023502862735916,0.3933250670395158,0.0107910754882121
Hu.CD340,True,False,1.4057801816054467,0.3957568712904417,0.2815211627457107,0.02083776553663834,0.01480380942773126,1.522509422221913,0.0195193515669476,0.3003094233680852,0.1662352501184353,0.1103166790586453
Hu.CD35,True,False,-0.7849634566845289,0.14204842671203824,0.18096183395850293,0.013559426052674968,0.017247956941772773,,,4.186021121325696e-05,0.4719174152970106,0.0108982356697904
Hu.CD352,True,False,-0.77981279054092,0.15319096132389737,0.19644581774253267,0.013561096167884399,0.01736279841346164,,,0.0014240567151405,0.4114243106030021,0.0082801411120232
Hu.CD354,True,False,-0.061802218119357655,0.5481265261102364,8.869042937126435,0.01678303095892255,0.26545599093339356,,,0.0010386224358549,0.0010571108581371,0.0005760992976645
Hu.CD357,True,False,1.3695675083884176,0.4161203259918125,0.30383338056950915,0.015100472322287716,0.011038081476304808,1.2743797524198164,0.016338201954100212,0.0009545043124362,0.0558321987359195,0.0013742318730903
Hu.CD36,True,False,-0.30430961693839853,0.5554601050209146,1.8253123598566934,0.019260461874858793,0.06366048559195166,15.37682473624794,0.19713877866984542,0.0828956142557724,0.0039962223579036,0.000126423797105
Hu.CD365,True,False,0.04988106975917228,0.5198195306713864,10.42117847875146,0.01752797482323052,0.34093733893710537,19.258494165541478,0.24690377135309588,0.3458834175341996,0.212399737002618,0.0032152700562948
Hu.CD366,True,False,0.5156809532523252,0.5403602962140065,1.047857774862601,0.043043662404122836,0.08286977538591549,2.30288189427167,0.02952412684963679,3.5857546163192084e-08,0.0167763927280203,0.0227333283140431
Hu.CD37,True,False,0.5685314233053861,0.5263168298421821,0.9257480031309924,0.01875284206746613,0.03289687714184802,1.9389960147754137,0.02485892326635146,7.547943415571981e-05,0.0183600470267449,0.0069407856281347
Hu.CD370,True,False,-0.21528000469809555,0.4959847077587181,2.303905132547156,0.00805070471253962,0.03726202043034365,,,0.2731538651413079,3.40642444372847e-05,0.0007327940900315
Hu.CD38_HIT2,True,False,0.007138753464057574,0.7075896333620885,99.11949431013181,0.11564272128810243,6.5234442981990055,6.047540150380193,0.0775325660305153,0.1773953190302789,0.000162163735976,0.0467722092529723
Hu.CD39,True,False,-0.7861460102618831,0.13938893408736364,0.17730667365586453,0.013812633635764602,0.01754312395600886,,,0.2379666693585619,0.2908904494679469,0.1063986829084561
Hu.CD3_UCHT1,True,False,-0.7804496179510464,0.15190782461510458,0.19464142350907393,0.013073843085734393,0.016726927838749392,,,0.0005724623114264,0.4137930222739905,0.0071249442538012
Hu.CD40,True,False,-0.26670740374572527,0.5024624388517442,1.883946346426829,0.024033965654399105,0.089450117883801,,,0.3449189849731025,0.2123860320407505,0.0029350616833854
Hu.CD41,True,False,-0.7844103700744369,0.1428026874810357,0.18205099387898757,0.013706009145662607,0.017446655488886513,,,0.0088455159348589,0.4918066739628051,0.0103197990460263
Hu.CD42b,True,False,-0.5114141210823833,0.3988183412707549,0.7798344332508362,0.004858897682585109,0.009494797303412223,,,0.0060357494195688,0.0163062123592645,0.0014450303787704
Hu.CD43,True,False,-0.7836577259084818,0.14494509430720928,0.18495969543230978,0.012604671781544148,0.016061572278792697,,,0.2324200754040625,0.3874858667548387,0.0136344835250024
Hu.CD45RA,True,False,0.3309800282264799,0.8175269246327636,2.47001889815948,0.15436814456230816,0.4529787885910948,,,0.0053477686006199,0.0017763269934123,0.086527645597107
Hu.CD45RB,True,False,-0.6813078179262144,0.2975793559225523,0.4367766640757675,0.010616861450313533,0.01559452759659912,,,0.3234747856608633,0.2009267590382339,0.0305007183747348
Hu.CD45RO,True,False,0.2272397047375114,0.5722509481325199,2.5182700742968183,0.03617509927691991,0.15882845372747698,3.6042799197317597,0.04620871691963794,0.0007257636974368,0.0064199177708364,0.0029479356925038
Hu.CD45_2D1,True,False,-0.7794715660890845,0.15398096087964183,0.19754532118756415,0.011895471962680012,0.015240507809053979,,,0.0003592205707119,0.4466089486781983,0.0059082473532693
Hu.CD46,True,False,-0.786202264680613,0.1391854468985565,0.1770351640428042,0.013664839505715556,0.017354264213383954,,,0.2127863690145104,0.4195694742315184,0.0171491182478391
Hu.CD47,True,False,-0.7771594054347372,0.15981916030639287,0.20564527584529615,0.012764559946954733,0.016399576100893917,,,0.0314004474754403,0.3698735216738851,0.0047611854833864
Hu.CD48,True,False,-0.7693138915240392,0.17386115324479484,0.22599507842029148,0.011541374313004883,0.014982404812344688,,,0.0005421186762623,0.2954586825274298,0.0046966204846047
Hu.CD49a,True,False,-0.7862800369543568,0.140851803281827,0.17913694442429726,0.013644307286316512,0.017326296720525464,,,2.374229052559804e-07,0.4799856199310058,0.0113356220817185
Hu.CD49b,True,False,-0.4404668607661471,0.4369677210651069,0.992055838900221,0.011239144500635942,0.025468416328278985,,,0.3350306515534063,0.187541583719215,0.029208658742427
Hu.CD49d,True,False,-0.7859066262862745,0.13984061186781307,0.17793540249000867,0.013448084168555922,0.01708562589372534,,,0.007174701527576,0.5332646756328775,0.0096124268076182
Hu.CD4_RPA.T4,True,False,-0.7855674635327344,0.14079038104702465,0.17922124780204565,0.013612782588586093,0.0173025900961157,,,1.5663185822677045e-05,0.4784483300815836,0.0110414955354625
Hu.CD5,True,False,-0.7725913438294892,0.17117611246066322,0.22156100223980993,0.011713200224781232,0.015140722884881202,,,0.0001495419012085,0.3216242042465424,0.0020251125340777
Hu.CD52,True,False,0.21963382011742566,0.6468407346963653,2.945087119782083,0.07581012266357406,0.33906606704641457,,,0.013628724846016,0.0019494315694677,0.1017088822010911
Hu.CD54,True,False,-0.09425959285158127,0.5319694713423789,5.643664005423877,0.007424673162830313,0.07834026058404685,,,0.2612343460071294,4.518666234635288e-06,0.0007437097618027
Hu.CD55,True,False,-0.7793536876349605,0.15496799882577517,0.19884168290271853,0.013027444366943277,0.01669109056165197,,,0.0007637116849957,0.4303173271291566,0.0078932225144291
Hu.CD56,True,False,-0.5473305976563284,0.39463598254554966,0.721019406251692,0.015990747521562713,0.02917152094378154,,,0.33635565479498,0.2204744124539291,3.505357110483359e-05
Hu.CD57,True,False,-0.5539855446915253,0.39376678683795374,0.7107889196950331,0.020314451613589978,0.03651851883287173,,,1.095857446480374e-06,0.0245708479336233,0.0005003361362267
Hu.CD58,True,False,0.6071868072076497,0.5082214766152299,0.8370100775944972,0.03646688844016479,0.059729572421498095,1.7137590863007568,0.02197127033718919,1.718876503354309e-09,0.026574669121028,0.0027399608690319
Hu.CD59,True,False,0.11985841568419407,0.5258778750486878,4.387492292858966,0.013147639610630838,0.10865641073702716,5.5360570507368685,0.07097509039406241,0.3466265383568342,0.2142822429437605,0.0013063541299282
Hu.CD61,True,False,-0.7811706523391063,0.1518767679062906,0.19442200939259155,0.014115391504824661,0.01804062462270853,,,0.0006015434960812,0.4858146602267905,0.0088534800264291
Hu.CD62E,True,False,0.5071880662380621,0.5006926739904871,0.9871933259476058,0.005579462310301356,0.010988916520005538,1.532588463113031,0.019648570039910655,0.0012160648653161,0.0113141697565097,0.0004439093318001
Hu.CD62L,True,False,-0.43930684728002606,0.48175193051695847,1.0966183056324563,0.06471635250975762,0.14927727467664156,,,0.0096351264931358,0.0135544562653697,0.0173535688688233
Hu.CD62P,True,False,-0.7854988690755632,0.14062425157275035,0.1790254029751157,0.013896317743396589,0.017663317454598336,,,4.0219738983720885e-08,0.4757209165794358,0.0113045395221818
Hu.CD63,True,False,-0.3775101978433442,0.47217464005317544,1.2507599602623563,0.0249864764034,0.06655300018524346,,,9.77029449231389e-06,0.0076486904456554,0.0050221443147823
Hu.CD64,True,False,-0.7865504595542256,0.13815690078843967,0.17564912601632646,0.013950191072378467,0.017708598501472068,,,0.0068126093100288,0.5484739078023321,0.0104450782907693
Hu.CD66b,False,False,-0.34222784988185173,0.4735494505823259,1.383725639937868,0.01446065127604496,0.042059179738993396,,,0.2216298994380887,0.0281800641379133,0.0012437051839232
Hu.CD69,True,False,-0.19656534739216922,0.5404558247632141,2.74949695830642,0.0533598171182004,0.2784311325024864,,,6.065206190990461e-05,0.0004037316906595,0.0258239514269736
Hu.CD7,True,False,-0.7804094015102137,0.15157508709769707,0.1942250910924134,0.012321106702188393,0.015764929369297898,,,0.2659163687508881,0.3659717799096383,0.0058709923165912
Hu.CD70,True,False,0.03312189474246673,0.529574769128505,15.988661676698065,0.016640266878947544,0.5304925851618114,,,0.3469687383759803,0.2177665797575274,0.0003782375207068
Hu.CD71,True,False,-0.7676144152529303,0.17807298687234824,0.2319823381816936,0.01240271929077164,0.01613517167305683,,,0.2388107500725001,0.2424022591010056,0.0026409408219074
Hu.CD72,True,False,-0.7822139907398705,0.14817449674376923,0.18942961708421482,0.013693162077705545,0.017479052202912383,,,0.0001221047499263,0.4240871591519987,0.0071039983020487
Hu.CD73,True,False,-0.46187290961281263,0.430944934834492,0.93303791122054,0.006040143063546241,0.013059200472652506,,,0.3406958269881545,0.1987681947702131,0.0135637621659157
Hu.CD74,True,False,1.0673237117459133,0.44590903620409383,0.41778237595291684,0.00898730797454461,0.008417334251823628,1.544364644240703,0.019799546721034657,0.3369727199198515,0.2080358140773088,0.0155127073990071
Hu.CD79b,True,False,-0.5293334346920863,0.38891183890740394,0.7347199580046069,0.005502379953418126,0.010390915061709043,,,0.345268637338364,0.2202486913323025,0.000655481154536
Hu.CD8,True,False,0.03336023034365382,0.919082883247323,27.550255911891867,0.11690013805252662,3.0657343649293125,,,0.0021252172524508,0.0004174868258496,0.0298793765991343
Hu.CD80,True,False,-0.139365035680191,0.5079249670696352,3.6445652569213984,0.010000549475176932,0.07145409037124759,,,0.2748370809236191,0.0004117249912265,0.0001679009899719
Hu.CD81,True,False,-0.7819046470442786,0.15049949016779493,0.1924780607670084,0.012659067311159681,0.01616751838066759,,,0.0003379557572211,0.4135799491978044,0.0077311361079386
Hu.CD82,True,False,0.6094226182959285,0.5341605618299992,0.8765026859745089,0.008807754142326929,0.014442350153051233,2.285401535961167,0.029300019691809828,0.1751654884914588,0.0244957563566452,3.647587379409992e-05
Hu.CD83,True,False,0.3672589929089311,0.5063592488966062,1.3787524844140921,0.01637157408521468,0.04439637243358572,1.884785538395519,0.02416391715891691,0.2729745048823195,0.2547731836843144,0.1881710279685905
Hu.CD84,True,False,-0.21202795925610954,0.49711855953145506,2.3445896535323594,0.019172358700885333,0.09117526666676908,,,0.2623474015960473,0.0029909223666518,0.0012992857886796
Hu.CD85g,True,False,-0.07951839405775804,0.5213866067994276,6.556805038350239,0.02570770478463411,0.3315637965505846,,,0.2513202275917959,0.0066390142832424,0.0109457865099257
Hu.CD85j,True,False,-0.4328371888279638,0.4380760778098674,1.012103601809469,0.013750960887575684,0.03171350345231056,,,0.3465690128623868,0.2204082785877971,6.0335138167236486e-05
Hu.CD86,True,False,-0.782326535013378,0.1482414041733667,0.18948788969663638,0.014001960083275622,0.017869717633907663,,,0.002879257702027,0.4970900953536285,0.0083144332206304
Hu.CD9,False,False,-0.7820830276411788,0.14830164934140752,0.18962391983968307,0.014231463644685834,0.018167067068546407,,,0.2382038516488916,0.3668158657797291,0.0228589197747204
Hu.CD90,False,False,-0.5174712022423018,0.3981351508110971,0.7693861012668942,0.004832287645762088,0.009328349368547052,,,0.3062522846102127,0.144450085129562,0.1163548762090855
Hu.CD93,False,False,-0.279449809146481,0.4780205424408169,1.7105774518180108,0.0107438746191063,0.0386046894156911,,,0.3467556415553376,0.2198940156193431,0.0004028898374827
Hu.CD94,True,False,-0.7791381629732956,0.15477307246050465,0.19864650432456019,0.013732049018597,0.017596755426155523,,,0.008746423630069,0.4220530792733055,0.0089749672190169
Hu.CD95,True,False,0.6781178899393576,0.49997252827025196,0.7372944080784585,0.015585925031929928,0.022964351434765076,1.747860995946281,0.022408474307003604,2.8565739708248893e-05,0.020768380967019,0.0005478997022446
Hu.CD96,False,False,0.6561329756650811,0.5093288767193149,0.7762586177032788,0.021058306757487672,0.03217723131370893,1.3982129120886988,0.01792580656523973,0.3417953589066055,0.2108454050719297,0.00726929036869
Hu.CD98,True,False,0.13909641671170808,0.5866678520526141,4.217706436453677,0.08796418983664098,0.6016686500557867,4.090541464341935,0.052442839286435054,0.2299202031045605,0.0080108427737147,0.0692219441260745
Hu.CD99,True,False,-0.783692218147611,0.14466255670745207,0.18459103377265434,0.013074376728144849,0.016658089988200602,,,2.301321834942747e-05,0.4518381863556923,0.010176386395256
Hu.CLEC12A,True,False,-0.7850940297621336,0.14209291466605267,0.18098840301855784,0.012829496595092688,0.01631764206872875,,,2.109656082584875e-07,0.4573075185353332,0.0098274598897229
Hu.CLEC1B,True,False,-0.6098867466824777,0.3449825226497732,0.5656501383680334,0.01243862070468759,0.020353200675290856,,,0.2699607039593927,0.254600183087146,0.1939808176278756
Hu.CX3CR1,True,False,0.3149997686801112,0.5490260847518609,1.7429412315201038,0.015054476334111262,0.0480134209894355,2.5952002635178606,0.03327179825022898,0.3459621688856864,0.2186833791907466,0.0005028969485015
Hu.Cadherin.11,True,False,0.9818093312556809,0.43624071076043397,0.4443232477761295,0.007806212391757848,0.007949122943081047,1.4920196085704558,0.01912845652013405,0.3312655080481199,0.1998556517783786,0.032264915871239
Hu.EGFR,True,False,0.11363782919645085,0.5219549028263518,4.593143907422103,0.009887751084919532,0.08621311392333876,7.443699987300794,0.09543205111924095,0.3341270766593098,0.1804473520851442,0.0381999110199057
Hu.FR.b,True,False,0.24740992686735666,0.5528589627530563,2.2345868241958593,0.018117998040595558,0.07362935000243317,10.886859886851825,0.13957512675451056,0.3446937691064598,0.2116160468344906,0.0052440614007185
Hu.FceRIa,True,False,-0.08855879363097717,0.5298220057687061,5.98271480499683,0.017538088349648047,0.194493447330248,,,0.2659626696693422,0.0024576982170388,0.0008431037301227
Hu.GARP,True,False,-0.4211192531513234,0.45875784043774137,1.089377502939513,0.019606964462176614,0.046381828183252975,,,0.3467231403562602,0.2173495665612491,0.0005375342412387
Hu.GP130,True,False,-0.3610251107776559,0.478103769756997,1.3242950572805063,0.00824063765700361,0.022776283564272474,,,0.0004148037183276,0.0043035082404188,0.0006484458392861
Hu.GPR56,True,True,-0.6705797514586836,0.3072317583082054,0.45815841835351756,0.007924061615165541,0.011816021588878727,,,0.3061619923105341,0.1728960853543846,0.0763333886502617
Hu.Galectin.9,False,True,-0.06292895874926847,0.5321116715433334,8.455752043561645,0.012040693702907454,0.188145228839524,,,0.3457047819628655,0.206361964592863,0.0055649481928624
Hu.HLA.A2,True,True,-0.7865504595542256,0.13839988125745945,0.17595804512770488,0.013824315791741008,0.017549060557313968,,,1.214983436048179e-05,0.4938237746190073,0.0119032514725233
Hu.HLA.ABC,True,True,-0.3166980049332971,0.536270917001659,1.6933195304296542,0.07415521546791917,0.23698290178377449,,,0.0063278276943174,0.0080538163099357,0.1790536583043089
Hu.HLA.DR,True,True,-0.7843631477757794,0.14352950607347398,0.18298858950790964,0.013256731796562818,0.016877115291940196,,,0.008479613463602,0.45252083706761,0.0098127355120014
Hu.HLA.DR.DP.DQ,True,False,-0.38829657082174834,0.7542871237774007,1.9425541723974282,0.09851047330344194,0.2556659733535732,8.932616277466732,0.11452072150598375,0.0222075240828913,0.0056181674412267,0.0126970611442328
Hu.HLA.E,True,False,0.21848358889719308,0.5420791567339749,2.481097822816564,0.012174704340475856,0.05567774652681209,6.9986029224328234,0.08972567849272851,0.3448507803028294,0.2085282130404766,0.0055332858484605
Hu.Ig.LightChain.k,True,False,0.3789428443791226,0.5889553537557405,1.5542062938824244,0.02177444047870422,0.0577557061784471,3.5884107738272704,0.04600526633111885,0.2686360434015283,0.2459419844074547,0.1654671723536638
Hu.Ig.LightChain.l,True,False,-0.04941360007927431,0.5535486811451829,11.202354822500768,0.014818489367081963,0.2962546092097771,,,0.3420240159401935,0.2140075129461164,2.381922381557804e-06
Hu.IgD,True,False,-0.7862240268602139,0.1392141031612748,0.1770667117834422,0.013744081205114196,0.017454275649903504,,,0.2399571348004751,0.2924774194439826,0.1092261551059073
Hu.IgE,True,False,0.20991099019996906,0.5270809767834904,2.510973705004075,0.004565168494420083,0.021706555818599437,3.376999663729522,0.04329486748371182,0.2692727580117665,0.2539708346055416,0.1983118367065886
Hu.IgM,True,False,-0.43090375913776957,0.5019363702899785,1.16484565206473,0.016053475496693795,0.03738352505799896,,,0.002274552410344,0.0088324171578162,0.0007922855270969
Hu.KLRG1,False,False,-0.37175308771985605,0.48483045517014534,1.304173310688146,0.051257316613917026,0.13906528011461003,,,0.3384382989943783,0.2114465824719658,0.0016656951779237
Hu.LOX.1,True,True,0.4778609484326993,0.5259354310788983,1.1006034973225474,0.017642327872675254,0.03705674266176713,1.763352268035853,0.022607080359434015,0.2067369232524666,0.0594205522837142,0.3970045873963709
Hu.LT.bR,True,True,0.9380950199808604,0.4680206464225194,0.49890537360710885,0.006004650419666994,0.006403281166973445,1.2853701182100579,0.016479104079616124,0.0099783440087406,0.0324306774034309,0.0010005400801894
Hu.MERTK,True,True,1.422799058622045,0.40534411147463334,0.2848920295654411,0.009485994370731232,0.006671037590217807,1.1942498544805693,0.01531089557026371,0.0003340878183045,0.0500297552801637,0.0018489731304392
Hu.MICA.MICB,True,False,0.36451245408945787,0.5341030405545989,1.4652532020854367,0.010993979913975993,0.03023391613375931,2.4769861736415772,0.03175623299540484,0.0039729677562288,0.0159222572007927,6.320227910391332e-05
Hu.NKp80,True,False,0.23542832851167572,0.5228888330825023,2.2210106846023434,0.010183052943843572,0.043124653358610245,2.1416518186949838,0.02745707459865364,6.101453857828759e-08,0.0109671293193278,0.0006280685186678
Hu.Notch.1,True,False,1.3680399054600165,0.38041593990377454,0.27807371582180274,0.022922566682961255,0.016728068446000333,1.3218269876095454,0.01694649984114802,0.3204554608441259,0.1983765304553305,0.0496425149980789
Hu.Notch.3,True,False,-0.10070132575984136,0.5139115540476816,5.1033246103759256,0.011569578322985283,0.11364417391087807,,,0.0066205980611808,0.002058984890573,0.0005461406550393
Hu.Podoplanin,True,False,0.1955662703508298,0.5241582518073864,2.680207843955349,0.005416923416022016,0.027638679624026233,2.036662304563625,0.026111055186713143,0.2694384613521354,0.2539280894351041,0.1977934620681517
Hu.TCR.AB,True,False,-0.2641871815446703,0.5019141272454465,1.8998428474493565,0.029179683170229568,0.11111392546437035,,,0.3411490928196827,0.2064494975790244,0.0031902561094358
Hu.TCR.GD,True,False,1.2988192748697915,0.3985321123667248,0.3068418525022877,0.016013427940153965,0.012315888589744098,1.4260662490471683,0.01828290062880985,0.3321406487651405,0.2155405722426025,0.0180734180435968
Hu.TCR.Va7.2,True,False,-0.6998517000019945,0.27872950229239607,0.3982693794865423,0.007321523058813713,0.010450766628806877,,,0.3326985454269158,0.2298544286383909,0.0087789771873546
Hu.TCR.Vb13.1,True,False,0.8774463005223824,0.47622587391480553,0.5427407621768846,0.007566880792295025,0.008622167127453405,1.5462782610070362,0.019824080269320976,0.0012867425560947,0.0272777734380085,0.0010255729165559
Hu.TCR.Vd2,True,False,-0.5039153657962376,0.4431586547247959,0.8794307234996893,0.013549267484996023,0.026894690246483458,,,0.342623611508108,0.2130700277306165,0.0035589604439775
Hu.TCR.Vg9,False,False,-0.06746404459146475,0.5205392008231978,7.715801861204362,0.004591659517507451,0.06755928821850352,,,0.2268868489313628,0.0690844964245373,0.3446447507362583
Hu.TIGIT,True,False,0.04814149735921826,0.5586487595442776,11.604307929514496,0.00990002999502174,0.20762815481979283,39.71619688570804,0.5091820113552312,0.3235064961030952,0.1624204017266302,0.0714447510625339
Hu.TIM.4,True,False,0.7497114471241835,0.5160662771678431,0.6883532046194848,0.07263400408077882,0.09606693672834418,1.74791950450017,0.022409224416668847,0.3210592957385494,0.1533370195279003,0.0540609473207701
Hu.TNF.a,True,False,0.06517093327777254,0.5423321857129885,8.321688188834921,0.02825503797338909,0.45336977225424974,13.252172079603893,0.16989964204620375,0.3398006570992191,0.1893300608498741,0.024064495371083
Hu.TSLPR,True,False,0.4318578553571326,0.5158992994386389,1.1946044121670698,0.005339745317540299,0.01237716114941831,2.263941775701157,0.029024894560271245,0.0012919408405923,0.0198465496744323,0.0008604289947819
Hu.TSPAN33,True,False,0.7105905974558027,0.4982735762497883,0.7012104832709666,0.05438271887540741,0.07707559546198502,1.6505690306490515,0.021161141418577587,0.3437530569012942,0.2131597129555737,0.0059701951970369
Hu.VEGFR.3,True,False,0.6054296890092227,0.503346221485493,0.8313867499778747,0.00567309576974293,0.009364316148373207,2.0126491243201414,0.025803193901540275,0.3083483421472618,0.1491424559178908,0.1080856648201086
Hu.XCR1,True,False,1.8988888077043722,0.32050185368050227,0.16878389739311134,0.009467552931133317,0.00498700202095842,1.1983797615781333,0.015363843097155555,0.0121348074793742,0.095315686140628,0.001349703869111
Hu.mast_cell_tryptase,True,False,-0.3131506168305891,0.48043022472028774,1.5341825910571174,0.01598122110335577,0.05079496002364962,,,0.0003419731282659,0.0020805515982908,0.0002836567545333
HuMs.CD44,True,False,-0.7865939839134272,0.13820406856073947,0.17569937145101566,0.013692795217893843,0.01738111189471018,,,6.095576167714374e-10,0.4938331019388722,0.0113757612775287
HuMs.CD45R_B220,True,False,-0.36937218125846294,0.46301946415460954,1.253530957791914,0.013113967120558102,0.03540272578806067,,,3.2384590667171933e-09,0.0034374383468596,0.0013963550904215
HuMs.CD49f,True,False,-0.3361115913312647,0.4861486297602164,1.4463905509318726,0.03566901249742304,0.1068098457823282,,,7.680149162726273e-09,0.004857484674733,0.0001384718273868
HuMs.Mac.2,True,False,0.3701185617715327,0.5459051773835079,1.4749467704904922,0.009691780166961685,0.02625007717274529,2.171246568812102,0.027836494471950024,1.9672385858995222e-09,0.0101731018641014,0.000167944786498
HuMs.integrin.b7,True,False,-0.37427750357508954,0.46744044029937015,1.248914069999908,0.016645338470408833,0.044303938110452995,,,7.535129285074758e-09,0.0054436878254805,0.0002825256074631
HuMsRt.CD278,True,False,-0.2725599077164852,0.48726889259174905,1.7877496975769545,0.014698362387123541,0.053994383087340954,,,0.0001040847776204,0.0011610461529343,0.0002438683860195
