cohort,target,pooled,within_ct_median,within_ct_min,ct_adjusted,ct_baseline,donor_median,donor_p10,donor_min,donor_n,n_cells
GSE334503,CD21,0.2287351947920891,0.11002470808965445,0.02220690021631837,0.11614446655796216,0.6179419762951454,0.20934569249866153,0.13713718510100126,0.08811492730359394,30,272929
GSE334503,CD57 Recombinant,0.1326368150121957,0.0946441744980866,0.052759958117900616,0.11412253832585205,0.486420192553174,0.12432697657414457,0.08431525450091486,0.06690750437768887,30,272929
GSE334503,CD16,0.5412084959774454,0.35635396034507416,0.11412382532416618,0.3466601489947277,0.4796264046655504,0.5371530077291526,0.41014902895161953,0.35583228805717326,30,272929
GSE334503,HLA-DR,0.7453557867706693,0.3164230888684093,0.1213490469266905,0.17406972468992035,0.670540518436362,0.744221710669678,0.6487888229052117,0.5810983256031934,30,272929
GSE334503,CD185 (CXCR5),0.26199740683695383,0.07259357620208003,0.019868710210833695,0.0640857562894406,0.29683606883682573,0.2537360031416733,0.1559584210643162,0.10603369463090805,30,272929
GSE334503,CD279,0.1597041962769625,0.09844122884616377,0.0517088552077751,0.15595416683722058,0.2058347906155716,0.15311426359714447,0.08256554142670758,0.07044488434181569,30,272929
GSE334503,CD194 (CCR4),0.19303795158659573,0.08801718682436696,0.056177593009687166,0.17275494407031397,0.4871109655444107,0.15571686908427995,0.09442161048355444,0.06449625569611318,30,272929
GSE334503,CD319 (CRACC),0.1592088476928917,0.13089589583205083,0.03673055913249405,0.11450845241160781,0.4472697581689242,0.16575601595356754,0.03837793711097672,0.023157850562160086,30,272929
GSE334503,CD155 (PVR),0.14324737103428659,0.04123797536147934,0.017079042753776696,0.04220863175699922,0.5919291420586024,0.1319330203446109,0.1046744492661869,0.07503996473286723,30,272929
GSE334503,CD79b (Igβ),0.3954452891807617,0.11362932902061836,-0.005941226877279262,0.04508758387663786,0.37478678374350693,0.36818287335146693,0.252830051912921,0.12544466186966075,30,272929
GSE334503,CD107a (LAMP-1),-0.009738819348810176,0.019281787188818643,-0.006642313100224611,0.02118686443859908,0.3871566485267918,-0.004527547881956121,-0.02944245126262455,-0.045852169268077905,30,272929
GSE334503,CD137 (4-1BB),0.03790751950108177,0.035384664748411856,0.004765559896645917,0.043105149785651574,0.1602029262852474,0.03838281230797305,0.0179518010001367,0.013927342038973318,30,272929
GSE334503,CD223 (LAG-3),0.0797801255640946,0.01462244011623276,-0.030255642889291917,0.1116240266114394,0.2884913406720496,0.06814160344308423,0.006745881447867477,-0.024010158586831955,30,272929
GSE334503,CD314 (NKG2D),0.4263973736899906,0.10241161791329126,0.07732043044908946,0.08761032443977534,0.5155735887037735,0.42846249507177414,0.24951655807819298,0.22152151394901365,30,272929
GSE334503,CD3,0.7488469979901784,0.5797911767014435,0.06914363743054068,0.39025425824247706,0.7333839395680426,0.6950290605107027,0.6350545087400213,0.5495069202936358,30,272929
GSE334503,CD45RO,0.09213414714976426,0.14173853410902806,-0.034705356523181706,0.10729257129748478,0.4762274857555229,0.060680813976924396,-0.03318463497866263,-0.08521005450956129,30,272929
GSE334503,CD19,0.4548786704407916,0.10990696789747745,0.021108545739074662,0.08543467043977958,0.46100847182791693,0.42774925396080365,0.3480174320572578,0.240481810563973,30,272929
GSE334503,CD123,0.0933179516625496,0.05423092727690676,-8.005004077111631e-05,0.052197961447248295,0.36203724508836244,0.08960507476372179,0.04506045205811163,0.03820395994449495,30,272929
GSE334503,CD11b,0.3230412323948791,0.0827923530581301,0.006547952780836298,0.07474231350133707,0.6239690863003524,0.31266724664687245,0.2199084961958875,0.18348449721371124,30,272929
GSE334503,CD103 (Integrin αE),-0.02083792759921554,-0.02259847296444591,-0.06045450072263883,-0.013184982714971451,0.17498403258423462,-0.019705151931538118,-0.036674247993522105,-0.04166297075584045,30,272929
GSE334503,CD303 (BDCA-2),0.07261084056706393,0.002381006713709701,-0.005618747804148829,0.056398935202875276,0.26738348455177674,0.0710938222241925,0.034192855023647786,0.0011995909884173653,30,272929
GSE334503,CD1c,0.31753237128131373,0.18570365361231095,0.011634993745839612,0.23860907367237175,0.4153159234464587,0.26266735619014336,0.225156727341861,0.20965613749092016,30,272929
GSE334503,CD196 (CCR6),0.049629449269039755,-0.01280741275898653,-0.051812863574028346,-0.012792824801263689,0.45635049439175157,0.024145516278972795,-0.04376918098596614,-0.08148632216530328,30,272929
GSE334503,CD27,0.6020045590900395,0.4249617463182376,0.2352372905277338,0.39719865755130396,0.7323599175854162,0.553844408381153,0.38380102628106916,0.34997066526811554,30,272929
GSE334503,CD183 (CXCR3),0.08082718103016576,0.09786443176962167,-0.03309339706528644,0.14095706109157316,0.4541980277845032,0.06743734706949243,-0.02132805080903077,-0.08377909576031851,30,272929
GSE334503,CD154,0.02031341352650054,-0.020091133481511425,-0.061135820985201185,0.02012131929809113,0.23058374908488283,0.018083929301659925,-0.017806507258106292,-0.04213394881871802,30,272929
GSE334503,CD141 (Thrombomodulin),0.13532376045959071,0.046320041166325085,0.006263185796899836,0.05003332507642501,0.49765664434358925,0.12458060219204031,0.10184756726688333,0.07786085111622733,30,272929
GSE334503,CD161,0.6292040795875145,0.3981753438526008,0.2269167356652994,0.41193401853353584,0.3882581194415001,0.609304356516059,0.5460037762486841,0.4418420497867495,30,272929
GSE334503,CD69,-0.25347963696026515,-0.07583323750126982,-0.36521970906612805,-0.07237337466041259,0.37925487641291755,-0.2420402165416195,-0.2906830493374281,-0.38279296002745467,30,272929
GSE334503,CD127 (IL-7Rα),0.7279947447422015,0.47744800718190417,0.34258340953666766,0.4607702558737578,0.5753009622418778,0.7177965008646927,0.5002760841853614,0.45492662588418725,30,272929
GSE334503,CD274 (B7-H1; PD-L1),0.0038434169802998006,-0.0042025372249551675,-0.025069399923463815,0.005073317791987403,0.14241327436322673,0.005668549227297777,-0.00761446517417598,-0.016407277719452485,30,272929
GSE334503,CD33,0.3323628297931759,0.07456917439966812,0.020407205589466588,0.10625415840603718,0.5931869406496278,0.32401287571038817,0.11781307699174771,0.002264982590889581,30,272929
GSE334503,CD11c,0.49177479000283014,0.33838073912762795,0.05719505929372907,0.22782472268890497,0.6822978012597903,0.461846284485176,0.4098359439061003,0.3823835875821519,30,272929
GSE334503,CD45RA,0.09875460464515268,0.06879482696864148,-0.03959729555226317,0.07452765625377529,0.5447869392866405,0.09036127763401505,0.02361304748899124,-0.003994970949684628,30,272929
GSE334503,CD244 (2B4),0.32396594547169055,0.19449640986071232,0.03671406754177532,0.16511162704266122,0.7323892718996678,0.2939399440966748,0.16947376314517554,0.1506863205929542,30,272929
GSE334503,CD226 (DNAM-1),0.1724730934722643,0.12791445207660568,-0.013027328855918886,0.150146112413946,0.39456467682201374,0.15022806392141952,0.06940066530809001,0.032971664541998874,30,272929
GSE334503,CD28,0.42812427906568556,0.27089136905563094,0.15360930729495656,0.22498386711137616,0.6097952427853659,0.3937747890538146,0.2869880149766761,0.20724649982806595,30,272929
GSE334503,CD45,0.13745059112266747,0.11352293862698652,0.01538111334437852,0.11051989477963904,0.5308051796790785,0.12215030038102617,0.07811038387767985,0.043768335799250824,30,272929
GSE334503,CD38,0.34912726112909326,0.24106114059502898,0.06255990912843286,0.3101970282430504,0.39630056573322636,0.3110758275664276,0.2504842816382183,0.20241099932092388,30,272929
GSE334503,CD4,0.5887939393161179,0.3106922186959774,0.06356721962191574,0.2624511167309417,0.7226684210379829,0.5544312498102015,0.47072890228066305,0.4358241432685875,30,272929
GSE334503,CD20,0.5531142443749856,0.1619748293574187,0.029900154821433534,0.11545540419715845,0.4454491893689604,0.5287140363234621,0.4274585042749799,0.2628154891611837,30,272929
GSE334503,TIGIT (VSTM3),0.3094502047086348,0.192073059658744,0.07110002113532812,0.2600891685206015,0.2844166592758288,0.30189750681670846,0.20366094420326,0.1349587753136063,30,272929
GSE334503,CD25,0.17671612555801047,0.13298281450448068,0.06954758230575091,0.1500572062420872,0.2434643809813699,0.1656503361552633,0.09800393414563709,0.05139634140457668,30,272929
